ピカチュウ,でんき,52.4
ピカチュウ,こおり,22.4
ピカチュウ,フェアリー,8.2
ピカチュウ,ひこう,7.5
ピカチュウ,ゴースト,4.1
ピカチュウ,ノーマル,3.4
ピカチュウ,みず,1.4
ピカチュウ,くさ,0.7
ライチュウ,こおり,25.7
ライチュウ,フェアリー,18.3
ライチュウ,ひこう,16.5
ライチュウ,でんき,10.1
ライチュウ,かくとう,8.3
ライチュウ,ほのお,5.5
ライチュウ,みず,3.7
ライチュウ,ゴースト,3.7
ライチュウ,ノーマル,3.7
ライチュウ,くさ,2.8
プクリン,ほのお,42.2
プクリン,みず,26.6
プクリン,ノーマル,9.4
プクリン,フェアリー,7.8
プクリン,ひこう,6.3
プクリン,じめん,3.1
プクリン,でんき,1.6
プクリン,こおり,1.6
プクリン,はがね,1.6
コンパン,どく,100.0
モルフォン,どく,45.5
モルフォン,むし,19.7
モルフォン,いわ,19.7
モルフォン,ゴースト,4.5
モルフォン,くさ,3.0
モルフォン,じめん,3.0
モルフォン,かくとう,1.5
モルフォン,ほのお,1.5
モルフォン,はがね,1.5
ダグトリオ,じめん,42.1
ダグトリオ,フェアリー,26.3
ダグトリオ,ゴースト,14.0
ダグトリオ,こおり,10.5
ダグトリオ,あく,5.3
ダグトリオ,かくとう,1.8
ペルシアン,ノーマル,96.9
ペルシアン,ゴースト,2.0
ペルシアン,ひこう,1.0
コダック,みず,100.0
ゴルダック,みず,88.2
ゴルダック,くさ,5.1
ゴルダック,こおり,1.5
ゴルダック,フェアリー,1.0
ゴルダック,かくとう,1.0
ゴルダック,はがね,1.0
ゴルダック,ほのお,0.5
ゴルダック,エスパー,0.5
ゴルダック,ドラゴン,0.5
ゴルダック,でんき,0.5
オコリザル,どく,35.9
オコリザル,はがね,33.8
オコリザル,ゴースト,22.5
オコリザル,かくとう,3.5
オコリザル,ひこう,1.4
オコリザル,ほのお,1.4
オコリザル,でんき,0.7
オコリザル,あく,0.7
ウインディ,ノーマル,46.5
ウインディ,くさ,18.9
ウインディ,フェアリー,10.8
ウインディ,ほのお,7.2
ウインディ,みず,3.9
ウインディ,ひこう,2.8
ウインディ,はがね,2.2
ウインディ,じめん,2.1
ウインディ,かくとう,1.3
ウインディ,こおり,1.1
ヤドン,はがね,50.0
ヤドン,エスパー,50.0
ヤドラン,みず,18.7
ヤドラン,かくとう,15.9
ヤドラン,くさ,14.8
ヤドラン,フェアリー,11.0
ヤドラン,ノーマル,7.9
ヤドラン,ほのお,6.7
ヤドラン,エスパー,6.2
ヤドラン,はがね,3.6
ヤドラン,あく,3.6
ヤドラン,どく,3.2
コイル,でんき,100.0
レアコイル,でんき,25.5
レアコイル,みず,15.4
レアコイル,ひこう,13.8
レアコイル,フェアリー,9.4
レアコイル,こおり,8.2
レアコイル,じめん,4.4
レアコイル,ほのお,4.4
レアコイル,はがね,4.4
レアコイル,かくとう,3.8
レアコイル,ゴースト,3.8
ベトベター,ひこう,100.0
ベトベトン,ひこう,29.3
ベトベトン,かくとう,26.2
ベトベトン,どく,12.7
ベトベトン,あく,9.5
ベトベトン,じめん,7.5
ベトベトン,ゴースト,6.6
ベトベトン,くさ,2.0
ベトベトン,フェアリー,1.5
ベトベトン,むし,1.5
ベトベトン,ノーマル,1.1
シェルダー,いわ,100.0
パルシェン,こおり,30.9
パルシェン,ほのお,17.9
パルシェン,ゴースト,15.9
パルシェン,じめん,12.1
パルシェン,はがね,6.2
パルシェン,みず,5.8
パルシェン,いわ,2.7
パルシェン,くさ,1.9
パルシェン,かくとう,1.8
パルシェン,でんき,1.4
ゴースト,ゴースト,50.0
ゴースト,ノーマル,25.0
ゴースト,でんき,12.5
ゴースト,フェアリー,12.5
ゲンガー,ノーマル,36.1
ゲンガー,フェアリー,18.0
ゲンガー,ゴースト,13.9
ゲンガー,どく,7.3
ゲンガー,かくとう,7.2
ゲンガー,ひこう,5.1
ゲンガー,あく,2.6
ゲンガー,ほのお,1.9
ゲンガー,くさ,1.5
ゲンガー,こおり,1.2
スリーパー,エスパー,20.8
スリーパー,あく,20.8
スリーパー,こおり,20.8
スリーパー,ノーマル,12.5
スリーパー,フェアリー,8.3
スリーパー,かくとう,8.3
スリーパー,はがね,4.2
スリーパー,どく,4.2
マルマイン,こおり,63.0
マルマイン,フェアリー,22.4
マルマイン,ひこう,3.2
マルマイン,でんき,3.2
マルマイン,ノーマル,3.2
マルマイン,ドラゴン,1.6
マルマイン,あく,1.1
マルマイン,くさ,0.7
マルマイン,じめん,0.5
マルマイン,むし,0.5
ラッキー,あく,58.3
ラッキー,ゴースト,23.7
ラッキー,フェアリー,6.5
ラッキー,どく,3.6
ラッキー,ひこう,1.9
ラッキー,ノーマル,1.7
ラッキー,じめん,1.4
ラッキー,でんき,0.7
ラッキー,ほのお,0.7
ラッキー,はがね,0.7
ストライク,ノーマル,34.1
ストライク,ひこう,12.3
ストライク,こおり,10.4
ストライク,はがね,10.1
ストライク,ほのお,8.0
ストライク,じめん,4.8
ストライク,いわ,4.0
ストライク,みず,4.0
ストライク,かくとう,3.5
ストライク,むし,3.2
ケンタロス(パルデア単),はがね,38.8
ケンタロス(パルデア単),でんき,23.8
ケンタロス(パルデア単),フェアリー,16.3
ケンタロス(パルデア単),ゴースト,15.0
ケンタロス(パルデア単),かくとう,3.8
ケンタロス(パルデア単),こおり,2.5
ケンタロス(パルデア炎),かくとう,17.1
ケンタロス(パルデア炎),ほのお,16.4
ケンタロス(パルデア炎),フェアリー,14.6
ケンタロス(パルデア炎),こおり,14.6
ケンタロス(パルデア炎),じめん,11.8
ケンタロス(パルデア炎),くさ,7.2
ケンタロス(パルデア炎),ひこう,6.3
ケンタロス(パルデア炎),ドラゴン,2.5
ケンタロス(パルデア炎),はがね,2.4
ケンタロス(パルデア炎),でんき,1.7
ケンタロス(パルデア水),フェアリー,20.5
ケンタロス(パルデア水),こおり,17.4
ケンタロス(パルデア水),みず,16.7
ケンタロス(パルデア水),はがね,13.7
ケンタロス(パルデア水),でんき,8.3
ケンタロス(パルデア水),じめん,5.2
ケンタロス(パルデア水),かくとう,4.2
ケンタロス(パルデア水),どく,4.0
ケンタロス(パルデア水),ほのお,2.9
ケンタロス(パルデア水),ゴースト,1.8
ギャラドス,じめん,37.6
ギャラドス,ひこう,24.0
ギャラドス,みず,10.3
ギャラドス,フェアリー,5.6
ギャラドス,はがね,4.6
ギャラドス,でんき,4.5
ギャラドス,ドラゴン,3.9
ギャラドス,くさ,3.2
ギャラドス,ほのお,1.3
ギャラドス,こおり,1.2
メタモン,ノーマル,19.9
メタモン,フェアリー,19.3
メタモン,はがね,17.7
メタモン,ゴースト,6.3
メタモン,かくとう,5.2
メタモン,みず,4.7
メタモン,あく,4.3
メタモン,でんき,4.0
メタモン,ドラゴン,2.6
メタモン,ほのお,2.5
シャワーズ,ほのお,30.0
シャワーズ,じめん,13.9
シャワーズ,くさ,13.4
シャワーズ,フェアリー,12.8
シャワーズ,はがね,5.4
シャワーズ,でんき,4.9
シャワーズ,みず,4.3
シャワーズ,こおり,3.7
シャワーズ,ノーマル,3.7
シャワーズ,どく,2.7
サンダース,こおり,58.6
サンダース,フェアリー,17.2
サンダース,でんき,4.9
サンダース,みず,4.3
サンダース,ひこう,3.4
サンダース,じめん,2.1
サンダース,ほのお,1.8
サンダース,ゴースト,1.6
サンダース,くさ,1.1
サンダース,ノーマル,1.1
ブースター,ノーマル,53.5
ブースター,フェアリー,12.3
ブースター,はがね,5.6
ブースター,ほのお,4.9
ブースター,くさ,4.7
ブースター,みず,4.6
ブースター,かくとう,3.7
ブースター,いわ,2.4
ブースター,あく,2.4
ブースター,ゴースト,2.4
ハクリュー,ノーマル,78.8
ハクリュー,はがね,12.1
ハクリュー,フェアリー,6.1
ハクリュー,じめん,3.0
カイリュー,ノーマル,66.9
カイリュー,ひこう,20.4
カイリュー,フェアリー,5.1
カイリュー,はがね,4.9
カイリュー,ほのお,1.0
カイリュー,みず,0.3
カイリュー,ドラゴン,0.3
カイリュー,でんき,0.3
カイリュー,じめん,0.2
カイリュー,ゴースト,0.1
デンリュウ,ひこう,28.8
デンリュウ,フェアリー,28.4
デンリュウ,こおり,17.4
デンリュウ,でんき,14.7
デンリュウ,くさ,3.5
デンリュウ,かくとう,1.6
デンリュウ,ほのお,1.2
デンリュウ,ドラゴン,1.2
デンリュウ,みず,0.9
デンリュウ,じめん,0.7
マリルリ,みず,35.5
マリルリ,ほのお,26.1
マリルリ,フェアリー,23.2
マリルリ,はがね,2.7
マリルリ,ノーマル,2.7
マリルリ,くさ,2.2
マリルリ,じめん,2.2
マリルリ,でんき,1.9
マリルリ,かくとう,1.1
マリルリ,ゴースト,0.8
ウソッキー,いわ,54.4
ウソッキー,くさ,30.2
ウソッキー,あく,7.7
ウソッキー,フェアリー,5.5
ウソッキー,かくとう,1.1
ウソッキー,ひこう,0.5
ウソッキー,ノーマル,0.5
ポポッコ,みず,37.0
ポポッコ,はがね,28.3
ポポッコ,ひこう,8.7
ポポッコ,フェアリー,6.5
ポポッコ,くさ,6.5
ポポッコ,ノーマル,4.3
ポポッコ,かくとう,2.2
ポポッコ,こおり,2.2
ポポッコ,ほのお,2.2
ワタッコ,フェアリー,28.1
ワタッコ,はがね,13.3
ワタッコ,みず,12.9
ワタッコ,ひこう,11.6
ワタッコ,ほのお,8.3
ワタッコ,あく,8.0
ワタッコ,くさ,6.1
ワタッコ,どく,3.6
ワタッコ,ノーマル,3.6
ワタッコ,かくとう,2.0
ヒマナッツ,フェアリー,50.0
ヒマナッツ,くさ,50.0
キマワリ,ほのお,93.8
キマワリ,くさ,5.0
キマワリ,みず,1.2
エーフィ,かくとう,42.6
エーフィ,ノーマル,14.9
エーフィ,フェアリー,14.0
エーフィ,エスパー,10.3
エーフィ,ほのお,5.9
エーフィ,はがね,2.5
エーフィ,じめん,2.5
エーフィ,あく,2.2
エーフィ,こおり,1.0
エーフィ,いわ,0.8
ブラッキー,どく,47.7
ブラッキー,フェアリー,23.0
ブラッキー,ゴースト,14.4
ブラッキー,ノーマル,4.9
ブラッキー,はがね,2.0
ブラッキー,ひこう,2.0
ブラッキー,あく,1.9
ブラッキー,みず,0.9
ブラッキー,でんき,0.9
ブラッキー,ほのお,0.6
ヤミカラス,あく,80.0
ヤミカラス,フェアリー,20.0
ヤドキング,ほのお,23.0
ヤドキング,あく,10.9
ヤドキング,みず,9.8
ヤドキング,フェアリー,9.1
ヤドキング,くさ,7.0
ヤドキング,こおり,5.8
ヤドキング,ノーマル,5.8
ヤドキング,どく,5.6
ヤドキング,エスパー,4.6
ヤドキング,かくとう,4.0
ムウマ,あく,25.2
ムウマ,フェアリー,17.8
ムウマ,ゴースト,14.1
ムウマ,でんき,14.1
ムウマ,はがね,10.4
ムウマ,どく,9.6
ムウマ,じめん,3.0
ムウマ,こおり,2.2
ムウマ,ノーマル,2.2
キリンリキ,ほのお,60.0
キリンリキ,エスパー,30.0
キリンリキ,ノーマル,10.0
フォレトス,かくとう,31.7
フォレトス,みず,14.7
フォレトス,いわ,12.2
フォレトス,ノーマル,7.8
フォレトス,ドラゴン,6.1
フォレトス,はがね,5.8
フォレトス,むし,5.3
フォレトス,ほのお,5.0
フォレトス,ゴースト,4.4
フォレトス,じめん,4.2
ノコッチ,ゴースト,42.7
ノコッチ,どく,21.3
ノコッチ,ノーマル,13.5
ノコッチ,エスパー,9.0
ノコッチ,フェアリー,7.9
ノコッチ,ひこう,4.5
ノコッチ,でんき,1.1
ハリーセン,みず,55.6
ハリーセン,むし,20.0
ハリーセン,どく,8.9
ハリーセン,フェアリー,6.7
ハリーセン,エスパー,4.4
ハリーセン,くさ,2.2
ハリーセン,はがね,2.2
ハッサム,はがね,70.9
ハッサム,みず,10.5
ハッサム,ほのお,3.6
ハッサム,ひこう,2.7
ハッサム,ドラゴン,2.2
ハッサム,いわ,2.0
ハッサム,ノーマル,2.0
ハッサム,あく,1.6
ハッサム,じめん,1.1
ハッサム,かくとう,1.0
ヘラクロス,いわ,64.1
ヘラクロス,ノーマル,13.9
ヘラクロス,あく,4.0
ヘラクロス,かくとう,3.8
ヘラクロス,むし,2.6
ヘラクロス,じめん,2.5
ヘラクロス,どく,2.5
ヘラクロス,はがね,2.0
ヘラクロス,フェアリー,1.4
ヘラクロス,でんき,1.2
ニューラ,フェアリー,100.0
リングマ,ゴースト,29.1
リングマ,フェアリー,24.4
リングマ,ノーマル,20.2
リングマ,ひこう,12.4
リングマ,じめん,3.9
リングマ,どく,2.2
リングマ,かくとう,2.1
リングマ,あく,1.7
リングマ,くさ,1.6
リングマ,でんき,1.4
デリバード,こおり,46.7
デリバード,フェアリー,20.0
デリバード,ゴースト,13.3
デリバード,かくとう,6.7
デリバード,くさ,6.7
デリバード,ひこう,6.7
デルビル,あく,100.0
ヘルガー,ゴースト,22.4
ヘルガー,フェアリー,17.5
ヘルガー,くさ,17.5
ヘルガー,あく,17.3
ヘルガー,ほのお,14.9
ヘルガー,こおり,5.8
ヘルガー,どく,1.2
ヘルガー,ドラゴン,0.7
ヘルガー,でんき,0.7
ヘルガー,はがね,0.7
ゴマゾウ,じめん,100.0
ドンファン,こおり,42.8
ドンファン,じめん,33.2
ドンファン,くさ,5.4
ドンファン,はがね,4.3
ドンファン,フェアリー,3.6
ドンファン,みず,3.1
ドンファン,ゴースト,1.9
ドンファン,ノーマル,1.0
ドンファン,ほのお,0.9
ドンファン,どく,0.8
オドシシ,フェアリー,28.6
オドシシ,エスパー,14.3
オドシシ,むし,14.3
オドシシ,くさ,14.3
オドシシ,こおり,14.3
オドシシ,ノーマル,14.3
ハピナス,ゴースト,27.1
ハピナス,あく,24.7
ハピナス,フェアリー,9.5
ハピナス,いわ,8.2
ハピナス,はがね,6.8
ハピナス,ほのお,6.3
ハピナス,どく,3.1
ハピナス,ひこう,2.3
ハピナス,でんき,2.2
ハピナス,みず,2.0
ヨーギラス,はがね,100.0
サナギラス,くさ,100.0
バンギラス,いわ,37.4
バンギラス,じめん,17.3
バンギラス,ひこう,15.0
バンギラス,ゴースト,8.5
バンギラス,フェアリー,6.3
バンギラス,くさ,3.2
バンギラス,はがね,3.2
バンギラス,どく,2.9
バンギラス,ほのお,1.6
バンギラス,かくとう,1.1
ペリッパー,ひこう,20.3
ペリッパー,じめん,18.9
ペリッパー,みず,14.6
ペリッパー,くさ,13.5
ペリッパー,フェアリー,8.6
ペリッパー,はがね,8.3
ペリッパー,でんき,7.2
ペリッパー,こおり,1.6
ペリッパー,かくとう,1.4
ペリッパー,いわ,1.1
サーナイト,ほのお,53.3
サーナイト,フェアリー,18.8
サーナイト,ノーマル,5.2
サーナイト,エスパー,5.1
サーナイト,はがね,4.7
サーナイト,あく,2.7
サーナイト,でんき,2.5
サーナイト,ゴースト,2.1
サーナイト,かくとう,2.0
サーナイト,みず,1.2
アメモース,みず,61.9
アメモース,こおり,7.9
アメモース,ほのお,6.5
アメモース,はがね,6.0
アメモース,むし,4.7
アメモース,ひこう,3.7
アメモース,あく,2.8
アメモース,かくとう,2.8
アメモース,でんき,0.9
アメモース,いわ,0.9
キノココ,みず,100.0
キノガッサ,ほのお,20.4
キノガッサ,くさ,19.2
キノガッサ,かくとう,17.9
キノガッサ,いわ,13.4
キノガッサ,じめん,9.4
キノガッサ,はがね,3.6
キノガッサ,ゴースト,3.6
キノガッサ,ノーマル,2.3
キノガッサ,フェアリー,2.1
キノガッサ,みず,1.9
ヤルキモノ,フェアリー,42.3
ヤルキモノ,かくとう,23.1
ヤルキモノ,あく,11.5
ヤルキモノ,ひこう,7.7
ヤルキモノ,ノーマル,7.7
ヤルキモノ,ゴースト,3.8
ヤルキモノ,どく,3.8
ケッキング,ノーマル,53.1
ケッキング,ゴースト,28.1
ケッキング,フェアリー,14.1
ケッキング,じめん,1.3
ケッキング,かくとう,0.9
ケッキング,どく,0.9
ケッキング,はがね,0.6
ケッキング,あく,0.3
ケッキング,みず,0.3
ハリテヤマ,はがね,85.0
ハリテヤマ,かくとう,4.5
ハリテヤマ,じめん,4.1
ハリテヤマ,ノーマル,2.0
ハリテヤマ,ほのお,1.3
ハリテヤマ,でんき,0.9
ハリテヤマ,どく,0.8
ハリテヤマ,あく,0.4
ハリテヤマ,みず,0.3
ハリテヤマ,ひこう,0.2
ヤミラミ,あく,30.8
ヤミラミ,どく,13.7
ヤミラミ,はがね,11.9
ヤミラミ,フェアリー,11.9
ヤミラミ,ノーマル,9.3
ヤミラミ,ゴースト,6.7
ヤミラミ,ほのお,4.9
ヤミラミ,ひこう,3.8
ヤミラミ,むし,2.3
ヤミラミ,じめん,1.7
アサナン,はがね,100.0
チャーレム,はがね,39.0
チャーレム,かくとう,28.3
チャーレム,ノーマル,10.9
チャーレム,あく,6.1
チャーレム,ゴースト,4.8
チャーレム,エスパー,4.6
チャーレム,こおり,2.3
チャーレム,じめん,1.3
チャーレム,ほのお,1.1
チャーレム,フェアリー,1.0
マルノーム,ひこう,50.0
マルノーム,どく,14.3
マルノーム,みず,12.5
マルノーム,フェアリー,8.9
マルノーム,かくとう,5.4
マルノーム,はがね,3.6
マルノーム,あく,3.6
マルノーム,エスパー,1.8
ドンメル,くさ,57.1
ドンメル,かくとう,28.6
ドンメル,あく,14.3
バクーダ,ほのお,46.8
バクーダ,くさ,19.2
バクーダ,こおり,7.7
バクーダ,じめん,7.1
バクーダ,でんき,4.5
バクーダ,かくとう,3.8
バクーダ,ひこう,2.6
バクーダ,あく,1.9
バクーダ,みず,1.9
バクーダ,ノーマル,1.9
コータス,ほのお,75.9
コータス,くさ,12.6
コータス,ノーマル,4.2
コータス,ひこう,2.1
コータス,みず,0.9
コータス,かくとう,0.8
コータス,フェアリー,0.8
コータス,こおり,0.7
コータス,ゴースト,0.4
コータス,はがね,0.3
バネブー,エスパー,50.0
バネブー,ノーマル,50.0
ブーピッグ,ノーマル,35.0
ブーピッグ,フェアリー,25.0
ブーピッグ,エスパー,15.0
ブーピッグ,はがね,10.0
ブーピッグ,みず,10.0
ブーピッグ,どく,5.0
サボネア,ほのお,100.0
ノクタス,ほのお,57.5
ノクタス,いわ,12.6
ノクタス,どく,7.9
ノクタス,あく,6.7
ノクタス,くさ,5.5
ノクタス,フェアリー,3.1
ノクタス,ゴースト,2.8
ノクタス,じめん,2.0
ノクタス,はがね,1.2
ノクタス,でんき,0.4
チルット,でんき,66.7
チルット,ノーマル,33.3
チルタリス,フェアリー,47.8
チルタリス,はがね,16.2
チルタリス,ノーマル,14.8
チルタリス,ひこう,7.9
チルタリス,みず,3.6
チルタリス,こおり,1.8
チルタリス,ほのお,1.7
チルタリス,どく,1.4
チルタリス,でんき,1.4
チルタリス,じめん,0.8
ザングース,ノーマル,54.5
ザングース,ゴースト,35.8
ザングース,ひこう,4.1
ザングース,あく,2.4
ザングース,フェアリー,0.8
ザングース,かくとう,0.8
ザングース,みず,0.8
ザングース,ほのお,0.8
ハブネーク,あく,46.7
ハブネーク,くさ,33.3
ハブネーク,どく,6.7
ハブネーク,ひこう,6.7
ハブネーク,じめん,6.7
ナマズン,ドラゴン,30.0
ナマズン,フェアリー,16.7
ナマズン,ひこう,13.3
ナマズン,こおり,10.0
ナマズン,どく,10.0
ナマズン,でんき,6.7
ナマズン,みず,6.7
ナマズン,じめん,3.3
ナマズン,ノーマル,3.3
ジュペッタ,あく,73.2
ジュペッタ,フェアリー,14.6
ジュペッタ,ゴースト,9.8
ジュペッタ,かくとう,2.4
トロピウス,みず,48.6
トロピウス,ひこう,10.9
トロピウス,ゴースト,9.6
トロピウス,ほのお,5.7
トロピウス,はがね,5.1
トロピウス,フェアリー,3.7
トロピウス,ノーマル,3.7
トロピウス,でんき,2.7
トロピウス,じめん,2.1
トロピウス,いわ,1.8
オニゴーリ,みず,83.5
オニゴーリ,ほのお,5.9
オニゴーリ,こおり,3.3
オニゴーリ,でんき,1.6
オニゴーリ,ゴースト,1.4
オニゴーリ,じめん,1.2
オニゴーリ,かくとう,0.6
オニゴーリ,ひこう,0.5
オニゴーリ,ドラゴン,0.5
オニゴーリ,どく,0.4
ラブカス,みず,100.0
コモルー,はがね,75.0
コモルー,ひこう,16.7
コモルー,ノーマル,8.3
ボーマンダ,はがね,52.2
ボーマンダ,ひこう,13.4
ボーマンダ,ほのお,9.2
ボーマンダ,フェアリー,8.2
ボーマンダ,でんき,5.4
ボーマンダ,ドラゴン,3.5
ボーマンダ,みず,1.9
ボーマンダ,じめん,1.7
ボーマンダ,どく,1.3
ボーマンダ,こおり,0.9
ムックル,ひこう,100.0
ムクホーク,ひこう,67.2
ムクホーク,ノーマル,15.3
ムクホーク,かくとう,5.0
ムクホーク,ゴースト,3.5
ムクホーク,じめん,2.5
ムクホーク,はがね,2.0
ムクホーク,ほのお,1.5
ムクホーク,フェアリー,1.0
ムクホーク,こおり,0.9
ムクホーク,でんき,0.3
コロトック,むし,69.2
コロトック,あく,30.8
レントラー,ノーマル,33.9
レントラー,でんき,26.3
レントラー,フェアリー,11.2
レントラー,じめん,7.2
レントラー,こおり,7.2
レントラー,くさ,6.4
レントラー,ひこう,4.4
レントラー,あく,1.2
レントラー,はがね,0.8
レントラー,ほのお,0.4
ミツハニー,ドラゴン,100.0
ビークイン,じめん,27.4
ビークイン,はがね,19.5
ビークイン,ひこう,15.0
ビークイン,どく,13.3
ビークイン,ノーマル,7.1
ビークイン,フェアリー,5.3
ビークイン,むし,3.5
ビークイン,みず,3.5
ビークイン,ほのお,2.7
ビークイン,ゴースト,1.8
パチリス,ひこう,61.1
パチリス,でんき,16.7
パチリス,むし,11.1
パチリス,ノーマル,11.1
ブイゼル,みず,100.0
フローゼル,みず,98.3
フローゼル,はがね,0.6
フローゼル,ゴースト,0.4
フローゼル,こおり,0.2
フローゼル,くさ,0.2
フローゼル,フェアリー,0.1
フローゼル,かくとう,0.1
フローゼル,ドラゴン,0.0
カラナクシ,ドラゴン,100.0
トリトドン,ほのお,43.4
トリトドン,どく,14.0
トリトドン,みず,8.6
トリトドン,こおり,6.7
トリトドン,フェアリー,5.5
トリトドン,はがね,4.9
トリトドン,くさ,4.6
トリトドン,ひこう,3.0
トリトドン,じめん,2.8
トリトドン,ノーマル,2.5
フワライド,あく,54.2
フワライド,ノーマル,18.2
フワライド,はがね,4.8
フワライド,フェアリー,4.6
フワライド,ひこう,4.5
フワライド,かくとう,3.2
フワライド,でんき,2.5
フワライド,ゴースト,1.8
フワライド,どく,1.5
フワライド,エスパー,1.4
ムウマージ,ノーマル,32.9
ムウマージ,フェアリー,14.9
ムウマージ,ゴースト,14.5
ムウマージ,かくとう,9.7
ムウマージ,でんき,8.3
ムウマージ,はがね,4.8
ムウマージ,くさ,2.4
ムウマージ,ほのお,2.4
ムウマージ,あく,2.4
ムウマージ,どく,2.1
ドンカラス,あく,66.1
ドンカラス,ほのお,8.7
ドンカラス,フェアリー,7.4
ドンカラス,ひこう,6.3
ドンカラス,かくとう,2.6
ドンカラス,はがね,2.4
ドンカラス,こおり,2.1
ドンカラス,どく,1.6
ドンカラス,ゴースト,0.8
ドンカラス,じめん,0.8
スカタンク,あく,61.0
スカタンク,ノーマル,22.0
スカタンク,ひこう,13.4
スカタンク,フェアリー,2.4
スカタンク,こおり,1.2
ドータクン,はがね,37.6
ドータクン,でんき,13.9
ドータクン,どく,11.4
ドータクン,かくとう,5.5
ドータクン,いわ,4.6
ドータクン,みず,4.1
ドータクン,エスパー,3.9
ドータクン,あく,3.9
ドータクン,ひこう,3.1
ドータクン,ノーマル,2.7
ミカルゲ,ゴースト,41.0
ミカルゲ,フェアリー,24.3
ミカルゲ,あく,15.0
ミカルゲ,どく,6.9
ミカルゲ,はがね,4.6
ミカルゲ,ほのお,2.9
ミカルゲ,でんき,1.7
ミカルゲ,ノーマル,1.7
ミカルゲ,くさ,1.2
ガブリアス,はがね,31.4
ガブリアス,フェアリー,19.9
ガブリアス,ほのお,19.5
ガブリアス,じめん,17.4
ガブリアス,みず,3.7
ガブリアス,でんき,2.1
ガブリアス,どく,1.7
ガブリアス,ドラゴン,1.1
ガブリアス,こおり,0.9
ガブリアス,ノーマル,0.5
リオル,かくとう,85.7
リオル,はがね,14.3
ルカリオ,ノーマル,34.8
ルカリオ,かくとう,19.8
ルカリオ,こおり,14.3
ルカリオ,あく,10.2
ルカリオ,はがね,9.3
ルカリオ,ひこう,3.0
ルカリオ,フェアリー,1.9
ルカリオ,ゴースト,1.8
ルカリオ,みず,1.7
ルカリオ,じめん,1.3
カバルドン,くさ,27.6
カバルドン,はがね,15.7
カバルドン,フェアリー,14.4
カバルドン,じめん,12.9
カバルドン,みず,7.0
カバルドン,いわ,4.8
カバルドン,こおり,2.9
カバルドン,ノーマル,2.7
カバルドン,かくとう,2.2
カバルドン,ほのお,2.1
ドクロッグ,じめん,32.0
ドクロッグ,かくとう,26.1
ドクロッグ,あく,12.0
ドクロッグ,ほのお,7.6
ドクロッグ,どく,6.2
ドクロッグ,こおり,3.8
ドクロッグ,はがね,3.8
ドクロッグ,ひこう,2.7
ドクロッグ,フェアリー,1.7
ドクロッグ,いわ,1.4
ネオラント,じめん,66.7
ネオラント,こおり,8.3
ネオラント,あく,8.3
ネオラント,でんき,8.3
ネオラント,フェアリー,8.3
ユキノオー,みず,25.4
ユキノオー,ほのお,19.5
ユキノオー,こおり,12.8
ユキノオー,くさ,12.1
ユキノオー,じめん,6.8
ユキノオー,どく,4.8
ユキノオー,フェアリー,4.1
ユキノオー,ドラゴン,2.5
ユキノオー,いわ,2.2
ユキノオー,ゴースト,2.2
マニューラ,こおり,43.2
マニューラ,ゴースト,23.4
マニューラ,あく,8.1
マニューラ,かくとう,5.7
マニューラ,ほのお,4.8
マニューラ,フェアリー,4.1
マニューラ,じめん,2.7
マニューラ,どく,2.6
マニューラ,でんき,2.0
マニューラ,ひこう,1.5
ジバコイル,みず,36.7
ジバコイル,ひこう,34.8
ジバコイル,フェアリー,7.1
ジバコイル,じめん,4.7
ジバコイル,くさ,3.1
ジバコイル,でんき,3.0
ジバコイル,こおり,2.4
ジバコイル,はがね,1.9
ジバコイル,かくとう,1.7
ジバコイル,ほのお,1.3
リーフィア,ほのお,46.1
リーフィア,いわ,13.9
リーフィア,ノーマル,10.2
リーフィア,ゴースト,9.5
リーフィア,フェアリー,6.1
リーフィア,みず,4.8
リーフィア,こおり,1.9
リーフィア,くさ,1.6
リーフィア,はがね,1.2
リーフィア,かくとう,1.2
グレイシア,ほのお,39.5
グレイシア,みず,22.3
グレイシア,じめん,19.4
グレイシア,かくとう,8.1
グレイシア,こおり,3.5
グレイシア,ゴースト,2.2
グレイシア,ノーマル,1.4
グレイシア,いわ,0.8
グレイシア,はがね,0.8
グレイシア,ひこう,0.7
エルレイド,あく,24.6
エルレイド,はがね,14.1
エルレイド,かくとう,13.9
エルレイド,エスパー,11.4
エルレイド,フェアリー,8.0
エルレイド,くさ,5.7
エルレイド,ノーマル,5.3
エルレイド,みず,5.2
エルレイド,ほのお,4.6
エルレイド,ゴースト,3.0
ユキメノコ,こおり,25.0
ユキメノコ,ゴースト,22.9
ユキメノコ,フェアリー,16.7
ユキメノコ,みず,14.6
ユキメノコ,ノーマル,6.3
ユキメノコ,いわ,4.2
ユキメノコ,かくとう,2.1
ユキメノコ,はがね,2.1
ユキメノコ,ひこう,2.1
ユキメノコ,くさ,2.1
ロトム,ノーマル,35.3
ロトム,あく,17.6
ロトム,はがね,11.8
ロトム,でんき,11.8
ロトム,ゴースト,11.8
ロトム,フェアリー,5.9
ロトム,くさ,2.9
ロトム,こおり,2.9
ヒートロトム,フェアリー,33.4
ヒートロトム,でんき,21.5
ヒートロトム,ゴースト,12.5
ヒートロトム,はがね,11.5
ヒートロトム,こおり,4.8
ヒートロトム,みず,4.6
ヒートロトム,ノーマル,3.9
ヒートロトム,くさ,3.6
ヒートロトム,あく,1.3
ヒートロトム,ほのお,0.8
ウォッシュロトム,フェアリー,56.1
ウォッシュロトム,でんき,15.9
ウォッシュロトム,はがね,7.5
ウォッシュロトム,ゴースト,7.5
ウォッシュロトム,こおり,3.6
ウォッシュロトム,ほのお,3.2
ウォッシュロトム,どく,1.5
ウォッシュロトム,かくとう,1.1
ウォッシュロトム,くさ,1.1
ウォッシュロトム,みず,0.7
フロストロトム,ゴースト,38.7
フロストロトム,でんき,35.0
フロストロトム,はがね,7.3
フロストロトム,ほのお,5.7
フロストロトム,みず,4.3
フロストロトム,フェアリー,3.7
フロストロトム,じめん,1.7
フロストロトム,どく,1.7
フロストロトム,ひこう,0.7
フロストロトム,こおり,0.7
スピンロトム,でんき,27.3
スピンロトム,はがね,20.5
スピンロトム,どく,15.9
スピンロトム,ゴースト,13.6
スピンロトム,いわ,4.5
スピンロトム,ひこう,4.5
スピンロトム,あく,2.3
スピンロトム,ほのお,2.3
スピンロトム,フェアリー,2.3
スピンロトム,みず,2.3
カットロトム,フェアリー,35.1
カットロトム,でんき,30.2
カットロトム,ゴースト,11.7
カットロトム,ほのお,4.6
カットロトム,はがね,4.0
カットロトム,あく,3.3
カットロトム,どく,3.2
カットロトム,こおり,2.2
カットロトム,いわ,1.4
カットロトム,みず,1.4
ドレディア,ほのお,56.5
ドレディア,いわ,15.2
ドレディア,じめん,4.3
ドレディア,こおり,4.3
ドレディア,くさ,4.1
ドレディア,みず,3.1
ドレディア,フェアリー,2.9
ドレディア,ゴースト,2.4
ドレディア,でんき,1.9
ドレディア,はがね,1.7
バスラオ(赤),いわ,48.6
バスラオ(赤),みず,35.1
バスラオ(赤),こおり,16.2
バスラオ(青),ゴースト,44.7
バスラオ(青),みず,39.5
バスラオ(青),いわ,13.2
バスラオ(青),でんき,2.6
ワルビアル,じめん,25.0
ワルビアル,どく,24.4
ワルビアル,フェアリー,13.0
ワルビアル,あく,9.4
ワルビアル,くさ,4.7
ワルビアル,ゴースト,4.7
ワルビアル,ほのお,4.3
ワルビアル,はがね,3.3
ワルビアル,かくとう,2.6
ワルビアル,ひこう,2.2
ゾロア,あく,100.0
ゾロアーク,フェアリー,37.0
ゾロアーク,あく,28.7
ゾロアーク,こおり,13.0
ゾロアーク,かくとう,3.8
ゾロアーク,ほのお,3.2
ゾロアーク,じめん,2.8
ゾロアーク,ゴースト,2.8
ゾロアーク,どく,2.0
ゾロアーク,はがね,1.7
ゾロアーク,エスパー,1.7
ゴチルゼル,フェアリー,34.3
ゴチルゼル,ひこう,22.5
ゴチルゼル,はがね,8.8
ゴチルゼル,ノーマル,7.8
ゴチルゼル,あく,7.0
ゴチルゼル,かくとう,6.2
ゴチルゼル,ほのお,3.2
ゴチルゼル,じめん,3.0
ゴチルゼル,エスパー,2.1
ゴチルゼル,どく,1.5
メブキジカ,ノーマル,51.4
メブキジカ,ほのお,19.0
メブキジカ,ゴースト,15.2
メブキジカ,じめん,4.8
メブキジカ,くさ,2.9
メブキジカ,フェアリー,1.9
メブキジカ,いわ,1.9
メブキジカ,かくとう,1.9
メブキジカ,どく,1.0
モロバレル,どく,35.8
モロバレル,ほのお,16.5
モロバレル,みず,9.4
モロバレル,フェアリー,7.6
モロバレル,あく,7.2
モロバレル,はがね,4.5
モロバレル,くさ,3.2
モロバレル,ひこう,2.6
モロバレル,でんき,2.4
モロバレル,ノーマル,2.2
ママンボウ,みず,20.2
ママンボウ,ドラゴン,14.9
ママンボウ,ほのお,12.3
ママンボウ,フェアリー,10.5
ママンボウ,はがね,8.8
ママンボウ,あく,7.9
ママンボウ,ノーマル,6.1
ママンボウ,くさ,5.3
ママンボウ,でんき,4.4
ママンボウ,ひこう,4.4
シビルドン,はがね,32.5
シビルドン,フェアリー,17.1
シビルドン,でんき,16.6
シビルドン,こおり,12.8
シビルドン,ゴースト,5.1
シビルドン,ほのお,3.8
シビルドン,かくとう,3.8
シビルドン,どく,2.2
シビルドン,ドラゴン,2.1
シビルドン,くさ,1.6
オノンド,はがね,86.8
オノンド,みず,7.9
オノンド,どく,2.6
オノンド,かくとう,2.6
オノノクス,はがね,64.9
オノノクス,じめん,9.7
オノノクス,ほのお,6.5
オノノクス,フェアリー,4.6
オノノクス,でんき,4.5
オノノクス,ドラゴン,3.3
オノノクス,むし,2.0
オノノクス,ゴースト,1.1
オノノクス,どく,1.0
オノノクス,こおり,0.7
ツンベアー,みず,67.5
ツンベアー,じめん,8.0
ツンベアー,こおり,7.1
ツンベアー,はがね,4.5
ツンベアー,でんき,3.4
ツンベアー,かくとう,2.2
ツンベアー,どく,1.7
ツンベアー,ほのお,1.7
ツンベアー,ひこう,1.5
ツンベアー,ゴースト,1.5
フリージオ,どく,71.7
フリージオ,でんき,14.2
フリージオ,ほのお,5.0
フリージオ,みず,2.6
フリージオ,こおり,2.0
フリージオ,じめん,1.9
フリージオ,ゴースト,0.6
フリージオ,フェアリー,0.4
フリージオ,いわ,0.4
フリージオ,あく,0.3
キリキザン,あく,38.7
キリキザン,フェアリー,25.5
キリキザン,ひこう,12.1
キリキザン,ゴースト,6.0
キリキザン,はがね,5.4
キリキザン,みず,4.3
キリキザン,どく,2.6
キリキザン,かくとう,1.5
キリキザン,くさ,1.2
キリキザン,じめん,1.1
ワシボン,ひこう,100.0
ウォーグル,はがね,24.4
ウォーグル,ひこう,23.7
ウォーグル,じめん,23.3
ウォーグル,かくとう,11.5
ウォーグル,ノーマル,10.0
ウォーグル,ゴースト,3.3
ウォーグル,あく,2.2
ウォーグル,こおり,0.7
ウォーグル,むし,0.4
ジヘッド,はがね,33.3
ジヘッド,ほのお,33.3
ジヘッド,ドラゴン,33.3
サザンドラ,はがね,61.1
サザンドラ,どく,16.4
サザンドラ,ほのお,6.6
サザンドラ,フェアリー,4.5
サザンドラ,でんき,3.4
サザンドラ,あく,3.3
サザンドラ,ゴースト,1.8
サザンドラ,ドラゴン,1.0
サザンドラ,みず,0.7
サザンドラ,くさ,0.2
メラルバ,こおり,66.7
メラルバ,むし,33.3
ウルガモス,フェアリー,40.1
ウルガモス,くさ,26.2
ウルガモス,みず,8.9
ウルガモス,いわ,7.4
ウルガモス,ほのお,4.8
ウルガモス,こおり,1.8
ウルガモス,じめん,1.6
ウルガモス,はがね,1.4
ウルガモス,ゴースト,1.4
ウルガモス,あく,1.3
ヤヤコマ,ひこう,100.0
ファイアロー,ひこう,65.0
ファイアロー,こおり,6.0
ファイアロー,ノーマル,4.9
ファイアロー,はがね,4.5
ファイアロー,フェアリー,3.5
ファイアロー,くさ,3.2
ファイアロー,じめん,2.6
ファイアロー,ほのお,2.6
ファイアロー,でんき,2.0
ファイアロー,みず,1.2
ビビヨン,ひこう,54.1
ビビヨン,はがね,25.1
ビビヨン,むし,3.3
ビビヨン,じめん,3.1
ビビヨン,ノーマル,2.8
ビビヨン,フェアリー,2.6
ビビヨン,みず,2.4
ビビヨン,ゴースト,2.4
ビビヨン,かくとう,1.5
ビビヨン,ドラゴン,1.2
カエンジシ,フェアリー,27.5
カエンジシ,ノーマル,25.5
カエンジシ,くさ,13.5
カエンジシ,みず,9.0
カエンジシ,エスパー,5.5
カエンジシ,ゴースト,5.0
カエンジシ,こおり,3.5
カエンジシ,ほのお,3.5
カエンジシ,あく,3.0
カエンジシ,じめん,1.5
フラージェス,くさ,38.2
フラージェス,ほのお,30.8
フラージェス,じめん,11.3
フラージェス,はがね,5.6
フラージェス,みず,3.8
フラージェス,フェアリー,3.1
フラージェス,ノーマル,2.3
フラージェス,でんき,1.4
フラージェス,かくとう,0.9
フラージェス,エスパー,0.7
メェークル,みず,100.0
ゴーゴート,みず,46.5
ゴーゴート,こおり,25.4
ゴーゴート,フェアリー,10.9
ゴーゴート,くさ,3.9
ゴーゴート,いわ,3.1
ゴーゴート,ほのお,2.7
ゴーゴート,でんき,2.3
ゴーゴート,じめん,2.0
ゴーゴート,ひこう,0.8
ゴーゴート,はがね,0.8
クズモー,みず,100.0
ドラミドロ,みず,48.2
ドラミドロ,ほのお,15.7
ドラミドロ,どく,7.6
ドラミドロ,でんき,5.9
ドラミドロ,フェアリー,4.7
ドラミドロ,はがね,3.6
ドラミドロ,ドラゴン,3.3
ドラミドロ,かくとう,1.7
ドラミドロ,こおり,1.6
ドラミドロ,あく,1.5
ブロスター,あく,32.7
ブロスター,かくとう,21.3
ブロスター,ドラゴン,14.2
ブロスター,みず,13.5
ブロスター,はがね,4.7
ブロスター,どく,2.2
ブロスター,フェアリー,2.2
ブロスター,ゴースト,2.0
ブロスター,ほのお,1.8
ブロスター,くさ,1.4
ニンフィア,ほのお,69.9
ニンフィア,じめん,9.0
ニンフィア,みず,7.0
ニンフィア,フェアリー,4.7
ニンフィア,はがね,2.3
ニンフィア,かくとう,2.1
ニンフィア,ノーマル,1.6
ニンフィア,ゴースト,1.4
ニンフィア,でんき,0.6
ニンフィア,くさ,0.3
ルチャブル,ひこう,62.0
ルチャブル,はがね,20.6
ルチャブル,かくとう,5.8
ルチャブル,ほのお,4.2
ルチャブル,じめん,2.4
ルチャブル,ゴースト,2.1
ルチャブル,フェアリー,1.0
ルチャブル,あく,0.5
ルチャブル,いわ,0.4
ルチャブル,エスパー,0.2
デデンネ,でんき,38.7
デデンネ,フェアリー,25.8
デデンネ,ほのお,22.6
デデンネ,いわ,3.2
デデンネ,くさ,3.2
デデンネ,ひこう,3.2
デデンネ,ノーマル,3.2
ヌメイル,ゴースト,50.0
ヌメイル,はがね,50.0
ヌメルゴン,はがね,31.4
ヌメルゴン,みず,25.3
ヌメルゴン,どく,18.8
ヌメルゴン,フェアリー,9.4
ヌメルゴン,ほのお,5.7
ヌメルゴン,でんき,2.4
ヌメルゴン,こおり,1.4
ヌメルゴン,じめん,1.3
ヌメルゴン,ノーマル,1.2
ヌメルゴン,ドラゴン,0.9
クレッフィ,フェアリー,69.9
クレッフィ,みず,7.1
クレッフィ,でんき,5.4
クレッフィ,はがね,4.2
クレッフィ,ひこう,3.5
クレッフィ,じめん,3.1
クレッフィ,あく,2.1
クレッフィ,どく,1.6
クレッフィ,かくとう,1.2
クレッフィ,ノーマル,0.9
カチコール,こおり,100.0
クレベース,かくとう,56.2
クレベース,みず,13.6
クレベース,ゴースト,7.3
クレベース,じめん,4.0
クレベース,フェアリー,2.4
クレベース,どく,2.4
クレベース,ひこう,2.3
クレベース,ほのお,2.1
クレベース,ドラゴン,1.5
クレベース,でんき,1.5
オンバーン,ノーマル,68.7
オンバーン,ほのお,14.5
オンバーン,ひこう,5.3
オンバーン,はがね,4.2
オンバーン,ドラゴン,2.2
オンバーン,フェアリー,2.1
オンバーン,みず,1.1
オンバーン,こおり,0.7
オンバーン,ゴースト,0.4
オンバーン,あく,0.3
デカグース,ノーマル,85.7
デカグース,じめん,14.3
ケケンカニ,みず,33.3
ケケンカニ,でんき,25.7
ケケンカニ,かくとう,17.0
ケケンカニ,ゴースト,13.0
ケケンカニ,ほのお,3.0
ケケンカニ,こおり,2.7
ケケンカニ,じめん,2.3
ケケンカニ,どく,1.3
ケケンカニ,はがね,1.0
ケケンカニ,フェアリー,0.3
オドリドリ(めらめら),フェアリー,60.4
オドリドリ(めらめら),ひこう,9.4
オドリドリ(めらめら),ゴースト,8.2
オドリドリ(めらめら),くさ,6.3
オドリドリ(めらめら),ほのお,5.0
オドリドリ(めらめら),じめん,3.8
オドリドリ(めらめら),かくとう,2.5
オドリドリ(めらめら),でんき,1.3
オドリドリ(めらめら),こおり,1.3
オドリドリ(めらめら),みず,0.6
オドリドリ(ぱちぱち),フェアリー,42.1
オドリドリ(ぱちぱち),ひこう,14.0
オドリドリ(ぱちぱち),ほのお,7.5
オドリドリ(ぱちぱち),はがね,7.3
オドリドリ(ぱちぱち),かくとう,6.3
オドリドリ(ぱちぱち),ゴースト,6.0
オドリドリ(ぱちぱち),こおり,5.5
オドリドリ(ぱちぱち),あく,4.8
オドリドリ(ぱちぱち),みず,3.8
オドリドリ(ぱちぱち),でんき,1.5
オドリドリ(ふらふら),ほのお,52.9
オドリドリ(ふらふら),かくとう,29.4
オドリドリ(ふらふら),ひこう,11.8
オドリドリ(ふらふら),エスパー,5.9
オドリドリ(まいまい),フェアリー,32.2
オドリドリ(まいまい),ほのお,25.4
オドリドリ(まいまい),ひこう,9.3
オドリドリ(まいまい),こおり,8.5
オドリドリ(まいまい),じめん,7.6
オドリドリ(まいまい),かくとう,6.8
オドリドリ(まいまい),ノーマル,3.4
オドリドリ(まいまい),いわ,1.7
オドリドリ(まいまい),くさ,1.7
オドリドリ(まいまい),どく,0.8
ルガルガン(まひる),いわ,50.4
ルガルガン(まひる),ひこう,24.6
ルガルガン(まひる),フェアリー,14.3
ルガルガン(まひる),ゴースト,4.9
ルガルガン(まひる),かくとう,4.5
ルガルガン(まひる),どく,0.4
ルガルガン(まひる),あく,0.4
ルガルガン(まひる),くさ,0.4
ルガルガン(まよなか),いわ,55.0
ルガルガン(まよなか),むし,15.0
ルガルガン(まよなか),ひこう,10.0
ルガルガン(まよなか),くさ,10.0
ルガルガン(まよなか),ゴースト,5.0
ルガルガン(まよなか),こおり,5.0
ルガルガン(たそがれ),いわ,46.6
ルガルガン(たそがれ),フェアリー,19.9
ルガルガン(たそがれ),かくとう,13.1
ルガルガン(たそがれ),あく,3.3
ルガルガン(たそがれ),ゴースト,2.9
ルガルガン(たそがれ),じめん,2.2
ルガルガン(たそがれ),エスパー,2.1
ルガルガン(たそがれ),ドラゴン,2.1
ルガルガン(たそがれ),こおり,1.8
ルガルガン(たそがれ),くさ,1.6
ドヒドイデ,フェアリー,27.0
ドヒドイデ,どく,16.1
ドヒドイデ,くさ,14.2
ドヒドイデ,ノーマル,10.4
ドヒドイデ,ひこう,6.7
ドヒドイデ,みず,6.3
ドヒドイデ,じめん,3.3
ドヒドイデ,むし,2.8
ドヒドイデ,あく,2.7
ドヒドイデ,はがね,2.6
バンバドロ,はがね,50.4
バンバドロ,かくとう,16.0
バンバドロ,じめん,7.3
バンバドロ,くさ,5.5
バンバドロ,フェアリー,3.4
バンバドロ,ノーマル,2.8
バンバドロ,こおり,2.6
バンバドロ,どく,2.6
バンバドロ,みず,2.4
バンバドロ,あく,1.4
ラランテス,くさ,36.9
ラランテス,みず,33.9
ラランテス,いわ,10.2
ラランテス,ほのお,8.9
ラランテス,フェアリー,4.4
ラランテス,こおり,1.3
ラランテス,でんき,1.0
ラランテス,じめん,0.8
ラランテス,かくとう,0.7
ラランテス,ドラゴン,0.7
エンニュート,ほのお,22.7
エンニュート,どく,20.5
エンニュート,ひこう,19.3
エンニュート,こおり,11.0
エンニュート,フェアリー,9.1
エンニュート,じめん,5.7
エンニュート,ゴースト,4.9
エンニュート,くさ,4.5
エンニュート,みず,0.8
エンニュート,あく,0.8
アママイコ,ほのお,100.0
アマージョ,フェアリー,26.4
アマージョ,いわ,16.9
アマージョ,ほのお,12.2
アマージョ,みず,8.9
アマージョ,こおり,7.8
アマージョ,かくとう,6.1
アマージョ,くさ,4.2
アマージョ,あく,4.0
アマージョ,エスパー,3.8
アマージョ,じめん,2.5
ヤレユータン,ノーマル,41.7
ヤレユータン,ゴースト,33.3
ヤレユータン,フェアリー,25.0
ナゲツケサル,はがね,35.0
ナゲツケサル,ゴースト,13.3
ナゲツケサル,どく,11.7
ナゲツケサル,かくとう,11.7
ナゲツケサル,ひこう,8.3
ナゲツケサル,じめん,8.3
ナゲツケサル,あく,5.0
ナゲツケサル,こおり,3.3
ナゲツケサル,でんき,3.3
シロデスナ,くさ,35.3
シロデスナ,じめん,15.3
シロデスナ,みず,12.2
シロデスナ,ノーマル,11.5
シロデスナ,どく,8.1
シロデスナ,はがね,6.4
シロデスナ,ゴースト,3.4
シロデスナ,あく,2.4
シロデスナ,ひこう,1.7
シロデスナ,いわ,1.7
ネッコアラ,フェアリー,40.5
ネッコアラ,じめん,20.5
ネッコアラ,ゴースト,10.8
ネッコアラ,ノーマル,5.9
ネッコアラ,あく,5.4
ネッコアラ,ひこう,4.9
ネッコアラ,どく,2.7
ネッコアラ,いわ,2.7
ネッコアラ,ほのお,2.2
ネッコアラ,こおり,2.2
ミミッキュ,ゴースト,38.3
ミミッキュ,フェアリー,23.9
ミミッキュ,かくとう,18.6
ミミッキュ,ノーマル,8.3
ミミッキュ,ほのお,5.0
ミミッキュ,はがね,2.1
ミミッキュ,くさ,0.8
ミミッキュ,ひこう,0.5
ミミッキュ,みず,0.5
ミミッキュ,あく,0.5
ハギギシリ,エスパー,28.6
ハギギシリ,あく,16.7
ハギギシリ,みず,14.3
ハギギシリ,ノーマル,14.3
ハギギシリ,こおり,11.9
ハギギシリ,かくとう,7.1
ハギギシリ,ほのお,3.6
ハギギシリ,くさ,3.6
ヨクバリス,ノーマル,25.6
ヨクバリス,じめん,20.2
ヨクバリス,ゴースト,18.5
ヨクバリス,かくとう,17.1
ヨクバリス,くさ,5.1
ヨクバリス,フェアリー,4.6
ヨクバリス,エスパー,2.0
ヨクバリス,ほのお,1.7
ヨクバリス,こおり,1.4
ヨクバリス,ひこう,1.1
アーマーガア,かくとう,32.1
アーマーガア,ドラゴン,20.8
アーマーガア,ひこう,19.3
アーマーガア,あく,5.9
アーマーガア,みず,4.9
アーマーガア,フェアリー,3.2
アーマーガア,じめん,2.8
アーマーガア,ノーマル,2.3
アーマーガア,ほのお,2.2
アーマーガア,はがね,2.2
カジリガメ,みず,48.1
カジリガメ,くさ,11.6
カジリガメ,あく,11.3
カジリガメ,いわ,9.8
カジリガメ,こおり,5.0
カジリガメ,ひこう,4.2
カジリガメ,ほのお,4.0
カジリガメ,むし,2.8
カジリガメ,じめん,0.8
カジリガメ,ドラゴン,0.7
トロッゴン,かくとう,100.0
セキタンザン,くさ,50.7
セキタンザン,みず,12.5
セキタンザン,フェアリー,5.7
セキタンザン,ほのお,5.5
セキタンザン,ひこう,4.7
セキタンザン,はがね,3.8
セキタンザン,かくとう,3.6
セキタンザン,ドラゴン,3.0
セキタンザン,ノーマル,2.1
セキタンザン,むし,2.0
アップリュー,はがね,35.8
アップリュー,ほのお,20.6
アップリュー,くさ,14.7
アップリュー,じめん,9.6
アップリュー,ドラゴン,6.9
アップリュー,どく,6.4
アップリュー,みず,2.8
アップリュー,あく,1.8
アップリュー,むし,0.9
アップリュー,ゴースト,0.5
タルップル,くさ,34.3
タルップル,はがね,31.6
タルップル,フェアリー,8.1
タルップル,ほのお,5.4
タルップル,みず,4.5
タルップル,どく,3.8
タルップル,ノーマル,2.7
タルップル,いわ,2.1
タルップル,ドラゴン,2.0
タルップル,こおり,1.1
サダイジャ,はがね,26.6
サダイジャ,じめん,18.1
サダイジャ,みず,8.5
サダイジャ,ドラゴン,6.4
サダイジャ,くさ,5.3
サダイジャ,ひこう,5.3
サダイジャ,むし,5.3
サダイジャ,かくとう,5.3
サダイジャ,フェアリー,4.3
サダイジャ,でんき,4.3
カマスジョー,みず,84.3
カマスジョー,かくとう,2.7
カマスジョー,どく,2.4
カマスジョー,はがね,2.0
カマスジョー,フェアリー,1.6
カマスジョー,ゴースト,1.4
カマスジョー,あく,1.3
カマスジョー,こおり,1.2
カマスジョー,くさ,1.0
カマスジョー,でんき,0.4
ストリンダー(ハイ),ノーマル,89.0
ストリンダー(ハイ),でんき,3.0
ストリンダー(ハイ),くさ,2.9
ストリンダー(ハイ),ゴースト,1.4
ストリンダー(ハイ),あく,1.0
ストリンダー(ハイ),ひこう,1.0
ストリンダー(ハイ),フェアリー,0.5
ストリンダー(ハイ),はがね,0.5
ストリンダー(ハイ),どく,0.3
ストリンダー(ハイ),じめん,0.3
ストリンダー(ロー),ノーマル,91.1
ストリンダー(ロー),でんき,2.0
ストリンダー(ロー),あく,1.8
ストリンダー(ロー),ひこう,1.5
ストリンダー(ロー),フェアリー,1.3
ストリンダー(ロー),どく,0.8
ストリンダー(ロー),ゴースト,0.8
ストリンダー(ロー),じめん,0.2
ストリンダー(ロー),こおり,0.2
ストリンダー(ロー),みず,0.1
ヤバチャ,ゴースト,100.0
ポットデス,かくとう,63.4
ポットデス,ノーマル,17.1
ポットデス,フェアリー,6.3
ポットデス,あく,3.7
ポットデス,はがね,3.4
ポットデス,ゴースト,2.1
ポットデス,エスパー,1.6
ポットデス,くさ,0.7
ポットデス,でんき,0.4
ポットデス,こおり,0.3
テブリム,ノーマル,44.4
テブリム,くさ,22.2
テブリム,フェアリー,16.7
テブリム,かくとう,5.6
テブリム,むし,5.6
テブリム,ほのお,5.6
ブリムオン,ほのお,48.8
ブリムオン,はがね,12.3
ブリムオン,エスパー,9.6
ブリムオン,ノーマル,8.6
ブリムオン,あく,4.4
ブリムオン,かくとう,3.5
ブリムオン,フェアリー,2.5
ブリムオン,じめん,2.2
ブリムオン,くさ,2.1
ブリムオン,みず,1.7
オーロンゲ,フェアリー,22.1
オーロンゲ,あく,22.0
オーロンゲ,ほのお,19.5
オーロンゲ,はがね,18.5
オーロンゲ,かくとう,4.5
オーロンゲ,どく,3.2
オーロンゲ,でんき,2.7
オーロンゲ,ゴースト,1.8
オーロンゲ,ひこう,1.1
オーロンゲ,くさ,1.1
タイレーツ,ゴースト,42.0
タイレーツ,はがね,28.0
タイレーツ,かくとう,16.0
タイレーツ,いわ,6.0
タイレーツ,どく,2.0
タイレーツ,ひこう,2.0
タイレーツ,でんき,2.0
タイレーツ,あく,2.0
バチンウニ,こおり,18.5
バチンウニ,でんき,16.4
バチンウニ,ゴースト,16.0
バチンウニ,ひこう,13.0
バチンウニ,フェアリー,9.2
バチンウニ,みず,6.7
バチンウニ,あく,5.5
バチンウニ,くさ,3.8
バチンウニ,はがね,2.9
バチンウニ,じめん,2.1
モスノウ,みず,61.2
モスノウ,じめん,18.7
モスノウ,ほのお,5.8
モスノウ,でんき,3.0
モスノウ,いわ,1.6
モスノウ,ゴースト,1.5
モスノウ,どく,1.2
モスノウ,あく,1.2
モスノウ,はがね,0.9
モスノウ,こおり,0.9
イシヘンジン,かくとう,31.6
イシヘンジン,ひこう,26.3
イシヘンジン,いわ,26.3
イシヘンジン,ゴースト,10.5
イシヘンジン,じめん,5.3
コオリッポ,こおり,27.7
コオリッポ,ほのお,18.4
コオリッポ,みず,15.7
コオリッポ,かくとう,12.4
コオリッポ,じめん,7.5
コオリッポ,ゴースト,6.7
コオリッポ,いわ,5.2
コオリッポ,でんき,1.9
コオリッポ,ひこう,1.5
コオリッポ,フェアリー,1.5
イエッサン♂,エスパー,32.4
イエッサン♂,かくとう,30.1
イエッサン♂,フェアリー,15.3
イエッサン♂,ほのお,6.5
イエッサン♂,ノーマル,5.4
イエッサン♂,あく,2.8
イエッサン♂,こおり,2.8
イエッサン♂,ゴースト,2.3
イエッサン♂,じめん,1.0
イエッサン♂,はがね,0.5
イエッサン♀,フェアリー,31.3
イエッサン♀,エスパー,22.7
イエッサン♀,かくとう,8.6
イエッサン♀,はがね,8.6
イエッサン♀,ノーマル,6.0
イエッサン♀,あく,4.7
イエッサン♀,ほのお,3.9
イエッサン♀,くさ,3.0
イエッサン♀,ひこう,3.0
イエッサン♀,むし,2.1
ダイオウドウ,フェアリー,35.3
ダイオウドウ,ひこう,22.1
ダイオウドウ,はがね,22.1
ダイオウドウ,ゴースト,8.3
ダイオウドウ,ほのお,4.5
ダイオウドウ,じめん,4.0
ダイオウドウ,みず,1.1
ダイオウドウ,ノーマル,0.9
ダイオウドウ,ドラゴン,0.7
ダイオウドウ,エスパー,0.4
ドラパルト,ドラゴン,22.7
ドラパルト,ほのお,21.6
ドラパルト,ゴースト,19.7
ドラパルト,はがね,16.4
ドラパルト,フェアリー,7.4
ドラパルト,かくとう,3.2
ドラパルト,ノーマル,2.8
ドラパルト,でんき,1.9
ドラパルト,どく,1.1
ドラパルト,みず,1.0
ニャオハ,くさ,100.0
ニャローテ,くさ,66.7
ニャローテ,はがね,33.3
マスカーニャ,くさ,70.4
マスカーニャ,あく,11.4
マスカーニャ,こおり,4.6
マスカーニャ,ほのお,4.5
マスカーニャ,フェアリー,3.1
マスカーニャ,ゴースト,1.4
マスカーニャ,どく,1.1
マスカーニャ,はがね,1.0
マスカーニャ,いわ,0.9
マスカーニャ,みず,0.6
アチゲータ,みず,40.0
アチゲータ,くさ,25.4
アチゲータ,ほのお,9.8
アチゲータ,ひこう,7.3
アチゲータ,ノーマル,5.9
アチゲータ,ドラゴン,4.9
アチゲータ,ゴースト,3.9
アチゲータ,フェアリー,1.5
アチゲータ,あく,1.0
ラウドボーン,フェアリー,38.6
ラウドボーン,ノーマル,24.1
ラウドボーン,ほのお,18.7
ラウドボーン,みず,7.8
ラウドボーン,くさ,3.8
ラウドボーン,あく,3.0
ラウドボーン,ひこう,2.1
ラウドボーン,かくとう,0.6
ラウドボーン,じめん,0.4
ラウドボーン,ドラゴン,0.3
ウェルカモ,みず,100.0
ウェーニバル,みず,63.4
ウェーニバル,でんき,10.2
ウェーニバル,はがね,8.8
ウェーニバル,ひこう,3.2
ウェーニバル,ゴースト,2.7
ウェーニバル,くさ,2.3
ウェーニバル,こおり,2.3
ウェーニバル,フェアリー,1.7
ウェーニバル,ほのお,1.6
ウェーニバル,どく,1.4
パフュートン♂,フェアリー,51.1
パフュートン♂,かくとう,24.4
パフュートン♂,はがね,8.9
パフュートン♂,ノーマル,6.7
パフュートン♂,ゴースト,4.4
パフュートン♂,どく,2.2
パフュートン♂,じめん,2.2
パフュートン♀,ゴースト,55.6
パフュートン♀,ドラゴン,27.8
パフュートン♀,いわ,5.6
パフュートン♀,フェアリー,5.6
パフュートン♀,じめん,5.6
タマンチュラ,むし,100.0
ワナイダー,いわ,33.3
ワナイダー,どく,15.2
ワナイダー,ドラゴン,12.1
ワナイダー,むし,12.1
ワナイダー,はがね,12.1
ワナイダー,フェアリー,6.1
ワナイダー,ノーマル,6.1
ワナイダー,あく,3.0
エクスレッグ,むし,89.9
エクスレッグ,あく,8.0
エクスレッグ,みず,1.0
エクスレッグ,かくとう,0.4
エクスレッグ,はがね,0.3
エクスレッグ,ほのお,0.1
エクスレッグ,こおり,0.1
エクスレッグ,じめん,0.1
エクスレッグ,くさ,0.0
パーモット,でんき,90.5
パーモット,かくとう,3.4
パーモット,ひこう,1.5
パーモット,こおり,1.0
パーモット,ゴースト,1.0
パーモット,はがね,0.7
パーモット,フェアリー,0.6
パーモット,くさ,0.3
パーモット,ほのお,0.3
パーモット,ドラゴン,0.1
イッカネズミ,ノーマル,61.4
イッカネズミ,ゴースト,25.6
イッカネズミ,あく,4.6
イッカネズミ,フェアリー,1.8
イッカネズミ,くさ,1.5
イッカネズミ,ひこう,0.9
イッカネズミ,はがね,0.8
イッカネズミ,ほのお,0.7
イッカネズミ,どく,0.6
イッカネズミ,かくとう,0.4
パピモッチ,じめん,100.0
バウッツェル,はがね,68.5
バウッツェル,かくとう,9.2
バウッツェル,フェアリー,8.1
バウッツェル,くさ,4.0
バウッツェル,じめん,3.3
バウッツェル,いわ,2.2
バウッツェル,ほのお,1.5
バウッツェル,むし,1.1
バウッツェル,ひこう,0.7
バウッツェル,こおり,0.7
オリーニョ,ほのお,100.0
オリーヴァ,ほのお,30.4
オリーヴァ,どく,21.7
オリーヴァ,フェアリー,16.2
オリーヴァ,みず,6.8
オリーヴァ,ノーマル,5.9
オリーヴァ,でんき,5.1
オリーヴァ,ゴースト,4.5
オリーヴァ,くさ,3.0
オリーヴァ,いわ,1.2
オリーヴァ,じめん,1.1
イキリンコ,ひこう,48.4
イキリンコ,ノーマル,38.7
イキリンコ,じめん,12.9
イキリンコ,ノーマル,64.3
イキリンコ,ひこう,35.7
イキリンコ,ひこう,50.0
イキリンコ,ノーマル,33.3
イキリンコ,かくとう,16.7
イキリンコ,ひこう,100.0
ジオヅム,ゴースト,70.6
ジオヅム,みず,19.9
ジオヅム,かくとう,8.8
ジオヅム,いわ,0.7
キョジオーン,ゴースト,46.2
キョジオーン,ひこう,17.9
キョジオーン,みず,17.3
キョジオーン,フェアリー,6.5
キョジオーン,どく,3.0
キョジオーン,かくとう,1.9
キョジオーン,くさ,1.6
キョジオーン,はがね,1.4
キョジオーン,ノーマル,0.9
キョジオーン,ドラゴン,0.8
グレンアルマ,エスパー,33.2
グレンアルマ,くさ,24.3
グレンアルマ,フェアリー,14.0
グレンアルマ,ほのお,9.2
グレンアルマ,かくとう,4.7
グレンアルマ,ノーマル,4.3
グレンアルマ,はがね,2.9
グレンアルマ,こおり,2.3
グレンアルマ,あく,1.4
グレンアルマ,みず,0.8
ソウブレイズ,くさ,35.0
ソウブレイズ,ほのお,17.0
ソウブレイズ,ノーマル,14.8
ソウブレイズ,フェアリー,9.0
ソウブレイズ,かくとう,6.6
ソウブレイズ,はがね,4.7
ソウブレイズ,こおり,3.7
ソウブレイズ,ゴースト,2.1
ソウブレイズ,あく,1.5
ソウブレイズ,みず,1.1
ハラバリー,でんき,38.6
ハラバリー,フェアリー,24.2
ハラバリー,こおり,15.3
ハラバリー,みず,9.4
ハラバリー,くさ,6.1
ハラバリー,ひこう,4.3
ハラバリー,はがね,0.4
ハラバリー,ノーマル,0.4
ハラバリー,かくとう,0.2
ハラバリー,あく,0.2
タイカイデン,こおり,31.1
タイカイデン,でんき,19.5
タイカイデン,フェアリー,15.0
タイカイデン,みず,12.0
タイカイデン,ひこう,6.9
タイカイデン,あく,6.0
タイカイデン,かくとう,2.9
タイカイデン,ゴースト,1.6
タイカイデン,じめん,1.2
タイカイデン,はがね,1.1
オラチフ,ゴースト,100.0
マフィティフ,フェアリー,18.1
マフィティフ,ほのお,16.4
マフィティフ,くさ,10.7
マフィティフ,あく,10.2
マフィティフ,みず,9.6
マフィティフ,どく,7.3
マフィティフ,ゴースト,5.6
マフィティフ,かくとう,4.0
マフィティフ,でんき,3.4
マフィティフ,ノーマル,3.4
シルシュルー,ひこう,100.0
タギングル,ひこう,57.6
タギングル,ゴースト,20.3
タギングル,むし,5.0
タギングル,こおり,3.1
タギングル,フェアリー,2.5
タギングル,あく,2.3
タギングル,どく,2.2
タギングル,かくとう,1.4
タギングル,ノーマル,1.4
タギングル,みず,1.3
アノホラグサ,かくとう,28.0
アノホラグサ,ゴースト,27.1
アノホラグサ,いわ,8.3
アノホラグサ,フェアリー,8.3
アノホラグサ,こおり,8.3
アノホラグサ,くさ,6.0
アノホラグサ,ほのお,5.5
アノホラグサ,みず,2.8
アノホラグサ,ノーマル,2.8
アノホラグサ,あく,1.8
リククラゲ,みず,18.4
リククラゲ,ほのお,17.1
リククラゲ,フェアリー,12.7
リククラゲ,じめん,9.5
リククラゲ,はがね,7.7
リククラゲ,ノーマル,7.6
リククラゲ,いわ,6.3
リククラゲ,どく,5.1
リククラゲ,くさ,4.5
リククラゲ,ゴースト,1.8
ガケガニ,ゴースト,32.8
ガケガニ,いわ,28.9
ガケガニ,かくとう,9.4
ガケガニ,ひこう,6.3
ガケガニ,ドラゴン,4.7
ガケガニ,みず,4.7
ガケガニ,ほのお,3.9
ガケガニ,こおり,3.1
ガケガニ,フェアリー,2.3
ガケガニ,ノーマル,2.3
スコヴィラン,ほのお,44.0
スコヴィラン,フェアリー,21.3
スコヴィラン,はがね,11.6
スコヴィラン,くさ,8.0
スコヴィラン,いわ,6.2
スコヴィラン,こおり,2.9
スコヴィラン,あく,2.2
スコヴィラン,ゴースト,1.5
スコヴィラン,みず,0.8
スコヴィラン,ドラゴン,0.6
ベラカス,フェアリー,24.0
ベラカス,どく,15.5
ベラカス,むし,14.0
ベラカス,ノーマル,12.0
ベラカス,いわ,10.5
ベラカス,じめん,9.5
ベラカス,はがね,6.5
ベラカス,あく,2.0
ベラカス,ドラゴン,2.0
ベラカス,ゴースト,1.5
クエスパトラ,かくとう,57.5
クエスパトラ,ノーマル,24.2
クエスパトラ,ほのお,5.1
クエスパトラ,エスパー,3.8
クエスパトラ,フェアリー,3.3
クエスパトラ,はがね,2.7
クエスパトラ,ゴースト,1.5
クエスパトラ,あく,1.1
クエスパトラ,じめん,0.3
クエスパトラ,ひこう,0.2
デカヌチャン,じめん,21.9
デカヌチャン,ひこう,19.7
デカヌチャン,フェアリー,17.8
デカヌチャン,みず,12.6
デカヌチャン,はがね,12.4
デカヌチャン,ほのお,3.5
デカヌチャン,あく,2.8
デカヌチャン,ノーマル,2.6
デカヌチャン,いわ,1.7
デカヌチャン,ドラゴン,1.1
ウミトリオ,みず,55.2
ウミトリオ,フェアリー,32.8
ウミトリオ,こおり,6.9
ウミトリオ,じめん,3.4
ウミトリオ,ほのお,1.7
オトシドリ,いわ,74.4
オトシドリ,ひこう,10.4
オトシドリ,あく,6.4
オトシドリ,はがね,2.4
オトシドリ,じめん,2.4
オトシドリ,フェアリー,1.0
オトシドリ,かくとう,0.7
オトシドリ,エスパー,0.7
オトシドリ,ゴースト,0.3
オトシドリ,みず,0.3
イルカマン,みず,85.5
イルカマン,かくとう,4.6
イルカマン,フェアリー,2.6
イルカマン,くさ,2.2
イルカマン,ノーマル,1.0
イルカマン,はがね,0.9
イルカマン,ドラゴン,0.6
イルカマン,こおり,0.5
イルカマン,ほのお,0.5
イルカマン,ゴースト,0.5
ブロロローム,ほのお,27.0
ブロロローム,みず,13.2
ブロロローム,ひこう,13.1
ブロロローム,じめん,10.0
ブロロローム,どく,9.7
ブロロローム,フェアリー,7.1
ブロロローム,はがね,6.1
ブロロローム,こおり,3.1
ブロロローム,あく,2.0
ブロロローム,かくとう,2.0
モトトカゲ,ノーマル,23.6
モトトカゲ,ほのお,18.0
モトトカゲ,はがね,15.0
モトトカゲ,フェアリー,11.9
モトトカゲ,ドラゴン,11.7
モトトカゲ,ゴースト,7.0
モトトカゲ,でんき,3.5
モトトカゲ,ひこう,2.4
モトトカゲ,こおり,1.9
モトトカゲ,じめん,1.2
ミミズズ,でんき,22.6
ミミズズ,どく,18.6
ミミズズ,かくとう,17.6
ミミズズ,みず,9.9
ミミズズ,ドラゴン,6.7
ミミズズ,ほのお,6.4
ミミズズ,はがね,4.7
ミミズズ,フェアリー,4.5
ミミズズ,ゴースト,4.4
ミミズズ,いわ,1.5
キラーメ,こおり,100.0
キラフロル,くさ,37.3
キラフロル,ひこう,14.0
キラフロル,ほのお,13.2
キラフロル,どく,11.0
キラフロル,フェアリー,6.7
キラフロル,じめん,4.3
キラフロル,いわ,3.9
キラフロル,みず,2.1
キラフロル,はがね,1.6
キラフロル,こおり,1.3
ハカドッグ,かくとう,60.7
ハカドッグ,ゴースト,27.7
ハカドッグ,ノーマル,3.6
ハカドッグ,フェアリー,2.6
ハカドッグ,みず,1.7
ハカドッグ,あく,1.1
ハカドッグ,じめん,0.7
ハカドッグ,ほのお,0.5
ハカドッグ,いわ,0.5
ハカドッグ,ドラゴン,0.3
カラミンゴ,かくとう,74.0
カラミンゴ,ひこう,13.5
カラミンゴ,こおり,4.8
カラミンゴ,はがね,3.6
カラミンゴ,ゴースト,1.0
カラミンゴ,じめん,0.7
カラミンゴ,でんき,0.6
カラミンゴ,ほのお,0.6
カラミンゴ,むし,0.3
カラミンゴ,フェアリー,0.3
ハルクジラ,みず,50.3
ハルクジラ,じめん,13.5
ハルクジラ,ほのお,11.6
ハルクジラ,こおり,9.3
ハルクジラ,ゴースト,3.6
ハルクジラ,でんき,2.7
ハルクジラ,フェアリー,2.2
ハルクジラ,ドラゴン,1.9
ハルクジラ,くさ,1.1
ハルクジラ,はがね,0.9
ミガルーサ,かくとう,41.8
ミガルーサ,ノーマル,26.6
ミガルーサ,エスパー,7.0
ミガルーサ,ゴースト,5.7
ミガルーサ,みず,5.4
ミガルーサ,あく,5.0
ミガルーサ,じめん,2.6
ミガルーサ,ほのお,2.0
ミガルーサ,フェアリー,1.1
ミガルーサ,はがね,1.1
ヘイラッシャ,くさ,28.9
ヘイラッシャ,じめん,17.7
ヘイラッシャ,フェアリー,17.2
ヘイラッシャ,みず,9.9
ヘイラッシャ,ドラゴン,5.2
ヘイラッシャ,はがね,4.1
ヘイラッシャ,でんき,3.0
ヘイラッシャ,ひこう,2.2
ヘイラッシャ,ほのお,2.0
ヘイラッシャ,ノーマル,2.0
シャリタツ,ほのお,65.0
シャリタツ,フェアリー,9.9
シャリタツ,どく,5.2
シャリタツ,みず,5.2
シャリタツ,でんき,4.8
シャリタツ,ドラゴン,2.9
シャリタツ,じめん,2.5
シャリタツ,はがね,1.5
シャリタツ,ゴースト,0.8
シャリタツ,かくとう,0.6
コノヨザル,ノーマル,21.6
コノヨザル,はがね,19.0
コノヨザル,ほのお,18.2
コノヨザル,どく,18.0
コノヨザル,かくとう,5.6
コノヨザル,ひこう,4.6
コノヨザル,フェアリー,3.9
コノヨザル,みず,2.1
コノヨザル,ゴースト,1.9
コノヨザル,でんき,1.7
ドオー,どく,22.7
ドオー,あく,14.0
ドオー,じめん,13.2
ドオー,ほのお,9.2
ドオー,みず,7.4
ドオー,ゴースト,6.6
ドオー,ひこう,6.4
ドオー,ノーマル,4.7
ドオー,はがね,3.9
ドオー,フェアリー,3.0
リキキリン,かくとう,44.8
リキキリン,フェアリー,25.4
リキキリン,エスパー,10.1
リキキリン,ノーマル,4.4
リキキリン,ほのお,3.3
リキキリン,みず,1.9
リキキリン,じめん,1.9
リキキリン,こおり,1.5
リキキリン,はがね,1.4
リキキリン,あく,1.4
ノココッチ,ノーマル,30.0
ノココッチ,フェアリー,21.0
ノココッチ,ゴースト,19.7
ノココッチ,どく,6.3
ノココッチ,ひこう,6.3
ノココッチ,ほのお,4.6
ノココッチ,じめん,4.1
ノココッチ,みず,2.2
ノココッチ,くさ,1.6
ノココッチ,ドラゴン,1.4
ドドゲザン,あく,61.8
ドドゲザン,ひこう,16.3
ドドゲザン,フェアリー,11.0
ドドゲザン,ゴースト,2.8
ドドゲザン,はがね,1.9
ドドゲザン,みず,1.4
ドドゲザン,ほのお,1.1
ドドゲザン,かくとう,1.0
ドドゲザン,くさ,0.5
ドドゲザン,どく,0.5
イダイナキバ,はがね,50.7
イダイナキバ,じめん,27.6
イダイナキバ,かくとう,9.0
イダイナキバ,こおり,4.4
イダイナキバ,フェアリー,1.7
イダイナキバ,でんき,1.5
イダイナキバ,どく,1.3
イダイナキバ,いわ,0.9
イダイナキバ,ほのお,0.8
イダイナキバ,みず,0.8
サケブシッポ,ノーマル,37.5
サケブシッポ,フェアリー,14.7
サケブシッポ,はがね,12.3
サケブシッポ,エスパー,12.2
サケブシッポ,あく,5.7
サケブシッポ,かくとう,5.1
サケブシッポ,ほのお,4.6
サケブシッポ,みず,2.6
サケブシッポ,どく,2.6
サケブシッポ,いわ,0.6
アラブルタケ,ほのお,27.7
アラブルタケ,あく,26.2
アラブルタケ,どく,19.1
アラブルタケ,フェアリー,11.0
アラブルタケ,くさ,5.5
アラブルタケ,ゴースト,3.0
アラブルタケ,でんき,2.4
アラブルタケ,みず,1.2
アラブルタケ,はがね,1.1
アラブルタケ,かくとう,1.1
ハバタクカミ,フェアリー,40.5
ハバタクカミ,ノーマル,20.9
ハバタクカミ,ほのお,16.8
ハバタクカミ,ゴースト,13.1
ハバタクカミ,かくとう,3.5
ハバタクカミ,はがね,2.1
ハバタクカミ,でんき,0.9
ハバタクカミ,じめん,0.9
ハバタクカミ,みず,0.4
ハバタクカミ,あく,0.3
チヲハウハネ,むし,32.5
チヲハウハネ,ほのお,25.7
チヲハウハネ,でんき,6.9
チヲハウハネ,かくとう,6.4
チヲハウハネ,はがね,6.0
チヲハウハネ,いわ,5.8
チヲハウハネ,ひこう,4.0
チヲハウハネ,こおり,3.8
チヲハウハネ,じめん,2.8
チヲハウハネ,フェアリー,2.5
スナノケガワ,こおり,39.4
スナノケガワ,でんき,19.9
スナノケガワ,じめん,14.0
スナノケガワ,フェアリー,10.8
スナノケガワ,くさ,4.6
スナノケガワ,ひこう,2.7
スナノケガワ,かくとう,2.1
スナノケガワ,はがね,1.9
スナノケガワ,ほのお,1.6
スナノケガワ,みず,1.5
テツノワダチ,じめん,45.5
テツノワダチ,はがね,15.1
テツノワダチ,ひこう,12.0
テツノワダチ,こおり,7.3
テツノワダチ,みず,6.8
テツノワダチ,かくとう,3.6
テツノワダチ,フェアリー,2.8
テツノワダチ,ドラゴン,1.5
テツノワダチ,でんき,1.3
テツノワダチ,ゴースト,1.2
テツノツツミ,みず,37.7
テツノツツミ,こおり,34.3
テツノツツミ,ゴースト,7.7
テツノツツミ,じめん,7.0
テツノツツミ,かくとう,4.8
テツノツツミ,ほのお,3.4
テツノツツミ,フェアリー,1.3
テツノツツミ,はがね,1.2
テツノツツミ,でんき,0.7
テツノツツミ,どく,0.6
テツノカイナ,でんき,24.2
テツノカイナ,ひこう,21.2
テツノカイナ,かくとう,17.3
テツノカイナ,じめん,16.9
テツノカイナ,フェアリー,7.2
テツノカイナ,はがね,4.9
テツノカイナ,くさ,2.1
テツノカイナ,こおり,2.0
テツノカイナ,ノーマル,1.5
テツノカイナ,ほのお,1.0
テツノコウベ,ひこう,32.1
テツノコウベ,はがね,25.1
テツノコウベ,あく,16.9
テツノコウベ,じめん,6.5
テツノコウベ,フェアリー,3.7
テツノコウベ,ほのお,3.5
テツノコウベ,でんき,3.3
テツノコウベ,どく,2.7
テツノコウベ,こおり,2.7
テツノコウベ,かくとう,0.8
テツノドクガ,くさ,40.9
テツノドクガ,ほのお,19.8
テツノドクガ,みず,10.8
テツノドクガ,どく,10.5
テツノドクガ,フェアリー,8.5
テツノドクガ,ひこう,3.7
テツノドクガ,こおり,2.5
テツノドクガ,じめん,0.6
テツノドクガ,ゴースト,0.6
テツノドクガ,でんき,0.3
テツノイバラ,むし,35.3
テツノイバラ,ひこう,25.3
テツノイバラ,でんき,14.1
テツノイバラ,こおり,7.7
テツノイバラ,いわ,5.2
テツノイバラ,フェアリー,4.0
テツノイバラ,くさ,3.7
テツノイバラ,じめん,2.1
テツノイバラ,かくとう,0.6
テツノイバラ,ドラゴン,0.6
セゴール,でんき,50.0
セゴール,はがね,35.7
セゴール,かくとう,14.3
セグレイブ,じめん,48.9
セグレイブ,でんき,20.1
セグレイブ,こおり,11.1
セグレイブ,はがね,5.7
セグレイブ,ほのお,5.4
セグレイブ,フェアリー,2.7
セグレイブ,ドラゴン,1.4
セグレイブ,どく,1.2
セグレイブ,ゴースト,0.9
セグレイブ,みず,0.7
サーフゴー,ひこう,38.1
サーフゴー,ノーマル,19.8
サーフゴー,ゴースト,13.4
サーフゴー,かくとう,12.7
サーフゴー,あく,7.8
サーフゴー,はがね,4.8
サーフゴー,フェアリー,1.3
サーフゴー,いわ,0.7
サーフゴー,みず,0.7
サーフゴー,こおり,0.3
トドロクツキ,ひこう,58.6
トドロクツキ,はがね,19.2
トドロクツキ,ほのお,5.9
トドロクツキ,どく,4.5
トドロクツキ,あく,3.3
トドロクツキ,フェアリー,3.0
トドロクツキ,ドラゴン,2.3
トドロクツキ,でんき,0.9
トドロクツキ,ゴースト,0.8
トドロクツキ,じめん,0.7
テツノブジン,ゴースト,28.3
テツノブジン,フェアリー,23.4
テツノブジン,はがね,18.9
テツノブジン,かくとう,15.9
テツノブジン,でんき,4.9
テツノブジン,じめん,2.7
テツノブジン,ほのお,2.4
テツノブジン,みず,1.0
テツノブジン,どく,0.9
テツノブジン,あく,0.4
