ピカチュウ,おくびょう,34.9
ピカチュウ,ひかえめ,25.6
ピカチュウ,ようき,16.3
ピカチュウ,わんぱく,9.3
ピカチュウ,おだやか,7.0
ピカチュウ,いじっぱり,4.7
ピカチュウ,やんちゃ,2.3
ライチュウ,おくびょう,81.4
ライチュウ,ようき,16.3
ライチュウ,ひかえめ,2.3
プクリン,ずぶとい,83.3
プクリン,おだやか,16.7
モルフォン,おくびょう,52.6
モルフォン,ひかえめ,44.7
モルフォン,ずぶとい,2.6
ダグトリオ,ようき,82.4
ダグトリオ,いじっぱり,13.2
ダグトリオ,おくびょう,3.3
ダグトリオ,せっかち,1.1
ペルシアン,いじっぱり,66.7
ペルシアン,おくびょう,33.3
ゴルダック,ひかえめ,84.0
ゴルダック,おくびょう,16.0
オコリザル,ようき,66.7
オコリザル,わんぱく,33.3
ウインディ,いじっぱり,67.5
ウインディ,ずぶとい,11.7
ウインディ,わんぱく,6.9
ウインディ,ようき,3.5
ウインディ,ひかえめ,2.2
ウインディ,しんちょう,1.7
ウインディ,おだやか,1.5
ウインディ,のんき,0.8
ウインディ,むじゃき,0.7
ウインディ,まじめ,0.7
ヤドラン,ずぶとい,45.1
ヤドラン,ひかえめ,20.6
ヤドラン,おだやか,15.4
ヤドラン,れいせい,9.5
ヤドラン,なまいき,2.6
ヤドラン,のんき,2.0
ヤドラン,きまぐれ,1.6
ヤドラン,おくびょう,1.3
ヤドラン,しんちょう,1.0
ヤドラン,ゆうかん,0.7
レアコイル,ひかえめ,57.9
レアコイル,おだやか,30.3
レアコイル,おくびょう,11.8
ベトベトン,いじっぱり,57.1
ベトベトン,しんちょう,17.1
ベトベトン,わんぱく,6.7
ベトベトン,おだやか,6.1
ベトベトン,ずぶとい,5.2
ベトベトン,ようき,5.0
ベトベトン,ゆうかん,1.5
ベトベトン,きまぐれ,0.7
ベトベトン,のんき,0.4
ベトベトン,なまいき,0.2
パルシェン,いじっぱり,59.5
パルシェン,ようき,14.7
パルシェン,やんちゃ,6.8
パルシェン,わんぱく,5.5
パルシェン,ひかえめ,4.1
パルシェン,うっかりや,3.2
パルシェン,しんちょう,2.7
パルシェン,むじゃき,1.6
パルシェン,きまぐれ,0.5
パルシェン,せっかち,0.5
ゲンガー,おくびょう,81.0
ゲンガー,ひかえめ,12.2
ゲンガー,せっかち,2.8
ゲンガー,うっかりや,2.0
ゲンガー,まじめ,0.5
ゲンガー,むじゃき,0.4
ゲンガー,やんちゃ,0.2
ゲンガー,おとなしい,0.2
ゲンガー,いじっぱり,0.2
ゲンガー,さみしがり,0.1
スリーパー,ずぶとい,100.0
マルマイン,おくびょう,72.8
マルマイン,ひかえめ,10.9
マルマイン,むじゃき,7.6
マルマイン,ようき,6.5
マルマイン,さみしがり,1.1
マルマイン,いじっぱり,1.1
ラッキー,ずぶとい,42.7
ラッキー,なまいき,21.0
ラッキー,おだやか,20.8
ラッキー,わんぱく,9.9
ラッキー,おくびょう,2.1
ラッキー,のんき,1.4
ラッキー,てれや,0.9
ラッキー,すなお,0.7
ラッキー,おとなしい,0.5
ストライク,ようき,50.0
ストライク,いじっぱり,34.5
ストライク,わんぱく,12.1
ストライク,おくびょう,1.7
ストライク,しんちょう,1.7
ケンタロス(パルデア単),しんちょう,100.0
ケンタロス(パルデア炎),ようき,55.5
ケンタロス(パルデア炎),いじっぱり,34.1
ケンタロス(パルデア炎),わんぱく,8.8
ケンタロス(パルデア炎),しんちょう,1.0
ケンタロス(パルデア炎),てれや,0.3
ケンタロス(パルデア炎),むじゃき,0.2
ケンタロス(パルデア炎),のうてんき,0.2
ケンタロス(パルデア水),ようき,42.8
ケンタロス(パルデア水),わんぱく,35.1
ケンタロス(パルデア水),いじっぱり,20.5
ケンタロス(パルデア水),さみしがり,1.2
ケンタロス(パルデア水),しんちょう,0.4
ギャラドス,いじっぱり,50.6
ギャラドス,わんぱく,26.1
ギャラドス,ようき,21.1
ギャラドス,しんちょう,0.5
ギャラドス,がんばりや,0.4
ギャラドス,てれや,0.4
ギャラドス,おだやか,0.3
ギャラドス,すなお,0.2
ギャラドス,ゆうかん,0.2
ギャラドス,うっかりや,0.2
メタモン,すなお,15.0
メタモン,のうてんき,11.3
メタモン,まじめ,10.2
メタモン,せっかち,9.1
メタモン,がんばりや,9.1
メタモン,なまいき,6.9
メタモン,ようき,6.9
メタモン,おだやか,6.2
メタモン,やんちゃ,4.4
メタモン,れいせい,3.6
シャワーズ,ひかえめ,63.4
シャワーズ,ずぶとい,21.5
シャワーズ,おだやか,10.8
シャワーズ,なまいき,1.5
シャワーズ,おくびょう,1.4
シャワーズ,わんぱく,1.3
サンダース,おくびょう,70.6
サンダース,ひかえめ,28.8
サンダース,おっとり,0.4
サンダース,うっかりや,0.2
ブースター,いじっぱり,66.0
ブースター,しんちょう,14.6
ブースター,ようき,11.8
ブースター,おだやか,3.5
ブースター,ひかえめ,3.5
ブースター,おとなしい,0.7
カイリュー,いじっぱり,65.7
カイリュー,わんぱく,12.1
カイリュー,ようき,8.5
カイリュー,ずぶとい,7.3
カイリュー,ひかえめ,1.4
カイリュー,やんちゃ,1.0
カイリュー,ゆうかん,0.6
カイリュー,しんちょう,0.6
カイリュー,おくびょう,0.4
カイリュー,れいせい,0.3
デンリュウ,ひかえめ,75.8
デンリュウ,ずぶとい,14.5
デンリュウ,のんき,4.8
デンリュウ,おだやか,3.2
デンリュウ,れいせい,1.6
マリルリ,いじっぱり,96.5
マリルリ,わんぱく,1.5
マリルリ,ゆうかん,0.5
マリルリ,ようき,0.4
マリルリ,さみしがり,0.3
マリルリ,しんちょう,0.2
マリルリ,むじゃき,0.1
マリルリ,やんちゃ,0.1
マリルリ,すなお,0.1
マリルリ,のうてんき,0.1
ウソッキー,いじっぱり,59.0
ウソッキー,れいせい,33.3
ウソッキー,ゆうかん,5.1
ウソッキー,むじゃき,2.6
ポポッコ,ずぶとい,84.6
ポポッコ,おくびょう,11.5
ポポッコ,いじっぱり,3.8
ワタッコ,ようき,33.2
ワタッコ,おくびょう,28.7
ワタッコ,ずぶとい,23.3
ワタッコ,わんぱく,8.9
ワタッコ,ひかえめ,2.5
ワタッコ,せっかち,2.0
ワタッコ,おだやか,1.0
ワタッコ,いじっぱり,0.5
キマワリ,れいせい,80.0
キマワリ,しんちょう,20.0
ウパー(パルデア),なまいき,100.0
エーフィ,おくびょう,57.8
エーフィ,ひかえめ,36.0
エーフィ,ずぶとい,2.3
エーフィ,てれや,1.8
エーフィ,おっとり,1.7
エーフィ,おだやか,0.1
エーフィ,まじめ,0.1
エーフィ,うっかりや,0.1
ブラッキー,ずぶとい,58.7
ブラッキー,わんぱく,30.0
ブラッキー,おだやか,6.0
ブラッキー,しんちょう,3.0
ブラッキー,なまいき,0.7
ブラッキー,すなお,0.3
ブラッキー,のんき,0.2
ブラッキー,うっかりや,0.2
ブラッキー,のうてんき,0.2
ブラッキー,れいせい,0.1
ヤミカラス,ずぶとい,80.0
ヤミカラス,いじっぱり,10.0
ヤミカラス,おだやか,10.0
ヤドキング,ひかえめ,59.7
ヤドキング,おだやか,15.5
ヤドキング,ずぶとい,12.6
ヤドキング,れいせい,5.1
ヤドキング,のんき,2.4
ヤドキング,ゆうかん,1.6
ヤドキング,なまいき,1.4
ヤドキング,のうてんき,1.0
ヤドキング,きまぐれ,0.2
ヤドキング,せっかち,0.2
ムウマ,おくびょう,60.8
ムウマ,ずぶとい,34.2
ムウマ,わんぱく,5.1
キリンリキ,おくびょう,100.0
クヌギダマ,なまいき,100.0
フォレトス,のんき,56.5
フォレトス,わんぱく,22.8
フォレトス,いじっぱり,6.5
フォレトス,しんちょう,6.5
フォレトス,ようき,2.0
フォレトス,ゆうかん,1.8
フォレトス,ずぶとい,1.2
フォレトス,なまいき,0.8
フォレトス,おだやか,0.8
フォレトス,きまぐれ,0.4
ノコッチ,おだやか,25.9
ノコッチ,ずぶとい,24.7
ノコッチ,しんちょう,18.5
ノコッチ,のんき,17.3
ノコッチ,むじゃき,7.4
ノコッチ,ようき,2.5
ノコッチ,わんぱく,2.5
ノコッチ,なまいき,1.2
ハリーセン,ようき,55.2
ハリーセン,いじっぱり,27.6
ハリーセン,ずぶとい,10.3
ハリーセン,わんぱく,6.9
ハッサム,いじっぱり,91.5
ハッサム,わんぱく,4.0
ハッサム,ゆうかん,1.6
ハッサム,ようき,0.6
ハッサム,しんちょう,0.4
ハッサム,やんちゃ,0.4
ハッサム,さみしがり,0.3
ハッサム,おっとり,0.2
ハッサム,きまぐれ,0.2
ハッサム,なまいき,0.1
ヘラクロス,ようき,66.5
ヘラクロス,いじっぱり,25.5
ヘラクロス,わんぱく,5.6
ヘラクロス,むじゃき,1.2
ヘラクロス,がんばりや,1.2
リングマ,いじっぱり,71.0
リングマ,わんぱく,11.2
リングマ,しんちょう,9.1
リングマ,ゆうかん,4.6
リングマ,むじゃき,1.7
リングマ,ようき,1.7
リングマ,おっとり,0.8
デリバード,ようき,69.6
デリバード,おくびょう,17.4
デリバード,せっかち,13.0
デルビル,のんき,66.7
デルビル,ようき,33.3
ヘルガー,おくびょう,27.8
ヘルガー,せっかち,21.8
ヘルガー,むじゃき,15.7
ヘルガー,おだやか,13.7
ヘルガー,ひかえめ,10.5
ヘルガー,ようき,4.8
ヘルガー,おっとり,2.4
ヘルガー,れいせい,2.0
ヘルガー,うっかりや,1.2
ドンファン,いじっぱり,54.4
ドンファン,わんぱく,23.7
ドンファン,ようき,16.9
ドンファン,のんき,1.3
ドンファン,うっかりや,1.2
ドンファン,ゆうかん,1.1
ドンファン,せっかち,0.4
ドンファン,のうてんき,0.2
ドンファン,やんちゃ,0.2
ドンファン,まじめ,0.2
オドシシ,ひかえめ,50.0
オドシシ,いじっぱり,28.6
オドシシ,わんぱく,21.4
ハピナス,おだやか,44.6
ハピナス,ひかえめ,26.3
ハピナス,ずぶとい,25.6
ハピナス,なまいき,1.1
ハピナス,しんちょう,1.0
ハピナス,まじめ,0.4
ハピナス,うっかりや,0.2
ハピナス,のんき,0.2
ハピナス,てれや,0.2
ハピナス,いじっぱり,0.2
バンギラス,いじっぱり,59.2
バンギラス,しんちょう,10.5
バンギラス,わんぱく,9.4
バンギラス,ようき,8.1
バンギラス,ひかえめ,3.3
バンギラス,なまいき,2.7
バンギラス,ゆうかん,2.6
バンギラス,おとなしい,1.2
バンギラス,れいせい,0.8
バンギラス,すなお,0.7
ペリッパー,ひかえめ,35.6
ペリッパー,ずぶとい,20.5
ペリッパー,のんき,14.2
ペリッパー,れいせい,9.1
ペリッパー,おだやか,6.9
ペリッパー,せっかち,4.4
ペリッパー,おくびょう,3.9
ペリッパー,うっかりや,1.8
ペリッパー,わんぱく,0.9
ペリッパー,のうてんき,0.8
サーナイト,おくびょう,59.2
サーナイト,ひかえめ,31.9
サーナイト,れいせい,4.2
サーナイト,ずぶとい,3.8
サーナイト,おだやか,0.9
アメモース,おくびょう,86.8
アメモース,ずぶとい,4.0
アメモース,ひかえめ,2.9
アメモース,がんばりや,2.3
アメモース,おだやか,1.7
アメモース,ようき,1.7
アメモース,うっかりや,0.6
キノガッサ,いじっぱり,62.9
キノガッサ,ようき,30.1
キノガッサ,わんぱく,3.9
キノガッサ,しんちょう,1.1
キノガッサ,のうてんき,0.3
キノガッサ,ひかえめ,0.3
キノガッサ,きまぐれ,0.3
キノガッサ,がんばりや,0.2
キノガッサ,むじゃき,0.2
キノガッサ,やんちゃ,0.1
ヤルキモノ,わんぱく,95.7
ヤルキモノ,ようき,4.3
ケッキング,いじっぱり,63.1
ケッキング,ようき,26.2
ケッキング,むじゃき,7.1
ケッキング,やんちゃ,2.4
ケッキング,わんぱく,1.2
ハリテヤマ,いじっぱり,96.2
ハリテヤマ,しんちょう,1.7
ハリテヤマ,ゆうかん,1.3
ハリテヤマ,ようき,0.4
ハリテヤマ,のんき,0.4
ヤミラミ,わんぱく,43.5
ヤミラミ,ずぶとい,36.3
ヤミラミ,しんちょう,7.9
ヤミラミ,のんき,3.8
ヤミラミ,いじっぱり,2.8
ヤミラミ,ようき,2.4
ヤミラミ,さみしがり,1.4
ヤミラミ,すなお,0.6
ヤミラミ,れいせい,0.6
ヤミラミ,おだやか,0.4
チャーレム,ようき,78.8
チャーレム,いじっぱり,20.8
チャーレム,ゆうかん,0.4
マルノーム,ずぶとい,61.5
マルノーム,わんぱく,38.5
ドンメル,わんぱく,100.0
バクーダ,ひかえめ,37.5
バクーダ,ゆうかん,20.8
バクーダ,おだやか,12.5
バクーダ,ずぶとい,12.5
バクーダ,なまいき,8.3
バクーダ,れいせい,8.3
コータス,のんき,34.2
コータス,れいせい,23.1
コータス,ずぶとい,13.9
コータス,ひかえめ,9.8
コータス,なまいき,8.3
コータス,おだやか,7.7
コータス,わんぱく,1.1
コータス,ゆうかん,0.5
コータス,おくびょう,0.4
コータス,いじっぱり,0.3
ブーピッグ,ずぶとい,75.0
ブーピッグ,がんばりや,25.0
ノクタス,うっかりや,45.2
ノクタス,おっとり,21.9
ノクタス,いじっぱり,16.4
ノクタス,やんちゃ,5.5
ノクタス,おくびょう,2.7
ノクタス,なまいき,2.7
ノクタス,ひかえめ,2.7
ノクタス,ゆうかん,1.4
ノクタス,さみしがり,1.4
チルタリス,ずぶとい,44.4
チルタリス,わんぱく,17.0
チルタリス,おくびょう,17.0
チルタリス,おだやか,9.2
チルタリス,のんき,7.2
チルタリス,しんちょう,3.9
チルタリス,ひかえめ,1.3
ザングース,いじっぱり,65.6
ザングース,ようき,34.4
ハブネーク,おくびょう,37.5
ハブネーク,いじっぱり,25.0
ハブネーク,ひかえめ,12.5
ハブネーク,ようき,12.5
ハブネーク,やんちゃ,12.5
ナマズン,わんぱく,24.0
ナマズン,いじっぱり,21.2
ナマズン,ひかえめ,17.3
ナマズン,しんちょう,14.4
ナマズン,ずぶとい,12.5
ナマズン,おだやか,8.7
ナマズン,れいせい,1.0
ナマズン,のんき,1.0
カゲボウズ,ずぶとい,100.0
ジュペッタ,ゆうかん,53.8
ジュペッタ,ようき,15.4
ジュペッタ,いじっぱり,15.4
ジュペッタ,さみしがり,7.7
ジュペッタ,おくびょう,7.7
トロピウス,わんぱく,52.9
トロピウス,しんちょう,35.6
トロピウス,ずぶとい,6.9
トロピウス,おだやか,4.6
オニゴーリ,ひかえめ,54.3
オニゴーリ,おくびょう,28.6
オニゴーリ,ずぶとい,10.5
オニゴーリ,まじめ,3.0
オニゴーリ,ゆうかん,2.3
オニゴーリ,せっかち,0.9
オニゴーリ,わんぱく,0.2
ボーマンダ,ようき,33.8
ボーマンダ,いじっぱり,24.1
ボーマンダ,ひかえめ,12.8
ボーマンダ,おくびょう,8.6
ボーマンダ,むじゃき,5.1
ボーマンダ,せっかち,4.6
ボーマンダ,わんぱく,2.7
ボーマンダ,うっかりや,1.9
ボーマンダ,やんちゃ,1.3
ボーマンダ,おっとり,0.9
ムクホーク,いじっぱり,78.5
ムクホーク,ようき,19.7
ムクホーク,おだやか,1.0
ムクホーク,むじゃき,0.6
ムクホーク,やんちゃ,0.2
コロトック,わんぱく,100.0
レントラー,ずぶとい,70.1
レントラー,いじっぱり,12.8
レントラー,のんき,7.5
レントラー,おだやか,5.3
レントラー,わんぱく,1.8
レントラー,おくびょう,1.4
レントラー,うっかりや,0.6
レントラー,ようき,0.2
レントラー,ひかえめ,0.2
ビークイン,ようき,54.5
ビークイン,おくびょう,18.2
ビークイン,ずぶとい,18.2
ビークイン,しんちょう,9.1
パチリス,しんちょう,47.6
パチリス,おくびょう,21.4
パチリス,ようき,14.3
パチリス,ずぶとい,11.9
パチリス,わんぱく,4.8
フローゼル,いじっぱり,98.1
フローゼル,ようき,1.4
フローゼル,やんちゃ,0.6
カラナクシ,ずぶとい,75.0
カラナクシ,のんき,25.0
トリトドン,ずぶとい,43.3
トリトドン,おだやか,23.0
トリトドン,ひかえめ,20.9
トリトドン,なまいき,4.7
トリトドン,れいせい,2.6
トリトドン,のんき,2.1
トリトドン,わんぱく,1.6
トリトドン,しんちょう,1.5
トリトドン,おくびょう,0.2
トリトドン,ゆうかん,0.1
フワライド,おくびょう,53.9
フワライド,ずぶとい,29.5
フワライド,ひかえめ,5.8
フワライド,おだやか,4.9
フワライド,ゆうかん,1.3
フワライド,てれや,1.2
フワライド,わんぱく,1.2
フワライド,すなお,0.6
フワライド,ようき,0.6
フワライド,がんばりや,0.2
ムウマージ,おくびょう,75.9
ムウマージ,ひかえめ,10.5
ムウマージ,おだやか,10.5
ムウマージ,せっかち,2.3
ムウマージ,むじゃき,0.8
ドンカラス,いじっぱり,26.4
ドンカラス,れいせい,22.2
ドンカラス,ゆうかん,21.5
ドンカラス,ようき,19.4
ドンカラス,やんちゃ,5.6
ドンカラス,のんき,2.8
ドンカラス,わんぱく,2.1
スカタンク,ずぶとい,22.9
スカタンク,わんぱく,20.8
スカタンク,さみしがり,18.8
スカタンク,いじっぱり,16.7
スカタンク,おだやか,10.4
スカタンク,ようき,10.4
ドータクン,のんき,38.2
ドータクン,ゆうかん,23.8
ドータクン,ずぶとい,9.7
ドータクン,なまいき,6.6
ドータクン,れいせい,5.8
ドータクン,わんぱく,5.3
ドータクン,ひかえめ,3.0
ドータクン,おだやか,2.8
ドータクン,しんちょう,1.7
ドータクン,いじっぱり,0.8
ミカルゲ,のんき,26.0
ミカルゲ,れいせい,24.9
ミカルゲ,なまいき,20.1
ミカルゲ,ずぶとい,10.1
ミカルゲ,おだやか,7.7
ミカルゲ,わんぱく,5.3
ミカルゲ,まじめ,3.0
ミカルゲ,ゆうかん,2.4
ミカルゲ,ひかえめ,0.6
ガブリアス,ようき,47.9
ガブリアス,いじっぱり,35.8
ガブリアス,わんぱく,13.4
ガブリアス,しんちょう,1.0
ガブリアス,のんき,0.5
ガブリアス,さみしがり,0.2
ガブリアス,がんばりや,0.2
ガブリアス,むじゃき,0.2
ガブリアス,のうてんき,0.1
ガブリアス,せっかち,0.1
リオル,いじっぱり,66.7
リオル,やんちゃ,33.3
ルカリオ,いじっぱり,34.8
ルカリオ,ひかえめ,15.7
ルカリオ,ようき,12.7
ルカリオ,おくびょう,10.4
ルカリオ,れいせい,9.9
ルカリオ,ゆうかん,3.8
ルカリオ,やんちゃ,3.4
ルカリオ,むじゃき,3.1
ルカリオ,さみしがり,1.6
ルカリオ,おっとり,1.1
ヒポポタス,わんぱく,100.0
カバルドン,わんぱく,64.3
カバルドン,しんちょう,27.5
カバルドン,いじっぱり,3.0
カバルドン,のんき,1.6
カバルドン,なまいき,0.9
カバルドン,おっとり,0.5
カバルドン,まじめ,0.4
カバルドン,ずぶとい,0.3
カバルドン,がんばりや,0.3
カバルドン,きまぐれ,0.2
ドクロッグ,いじっぱり,77.1
ドクロッグ,ようき,22.9
ネオラント,おくびょう,100.0
ユキノオー,ずぶとい,34.0
ユキノオー,ひかえめ,22.0
ユキノオー,いじっぱり,18.9
ユキノオー,おだやか,11.1
ユキノオー,れいせい,4.2
ユキノオー,おっとり,2.7
ユキノオー,のんき,2.0
ユキノオー,うっかりや,1.4
ユキノオー,むじゃき,0.8
ユキノオー,なまいき,0.6
マニューラ,いじっぱり,56.0
マニューラ,ようき,34.2
マニューラ,せっかち,4.7
マニューラ,やんちゃ,4.3
マニューラ,むじゃき,0.8
ジバコイル,ひかえめ,63.3
ジバコイル,おだやか,19.0
ジバコイル,れいせい,12.7
ジバコイル,ずぶとい,1.5
ジバコイル,なまいき,1.2
ジバコイル,のんき,0.6
ジバコイル,おくびょう,0.3
ジバコイル,きまぐれ,0.2
ジバコイル,せっかち,0.2
ジバコイル,まじめ,0.2
リーフィア,わんぱく,72.3
リーフィア,ようき,11.2
リーフィア,いじっぱり,10.4
リーフィア,のうてんき,4.8
リーフィア,のんき,0.8
リーフィア,せっかち,0.3
リーフィア,ゆうかん,0.3
グレイシア,ひかえめ,77.3
グレイシア,うっかりや,9.6
グレイシア,おだやか,4.8
グレイシア,おくびょう,2.6
グレイシア,ずぶとい,2.4
グレイシア,のんき,1.9
グレイシア,なまいき,1.0
グレイシア,れいせい,0.5
エルレイド,いじっぱり,59.2
エルレイド,ようき,36.2
エルレイド,わんぱく,1.3
エルレイド,やんちゃ,1.0
エルレイド,しんちょう,0.9
エルレイド,ゆうかん,0.5
エルレイド,むじゃき,0.4
エルレイド,おとなしい,0.2
エルレイド,おくびょう,0.1
エルレイド,なまいき,0.1
ユキメノコ,おくびょう,45.9
ユキメノコ,ようき,41.1
ユキメノコ,むじゃき,12.3
ユキメノコ,がんばりや,0.7
ロトム,ずぶとい,62.5
ロトム,おくびょう,37.5
ヒートロトム,ずぶとい,49.1
ヒートロトム,ひかえめ,28.6
ヒートロトム,おくびょう,16.0
ヒートロトム,おだやか,2.8
ヒートロトム,やんちゃ,0.7
ヒートロトム,のんき,0.6
ヒートロトム,なまいき,0.3
ヒートロトム,てれや,0.3
ヒートロトム,ゆうかん,0.2
ヒートロトム,しんちょう,0.2
ウォッシュロトム,ひかえめ,45.9
ウォッシュロトム,ずぶとい,34.2
ウォッシュロトム,おくびょう,14.4
ウォッシュロトム,おだやか,2.7
ウォッシュロトム,のんき,0.6
ウォッシュロトム,うっかりや,0.4
ウォッシュロトム,むじゃき,0.3
ウォッシュロトム,おっとり,0.2
ウォッシュロトム,てれや,0.2
ウォッシュロトム,れいせい,0.2
フロストロトム,おくびょう,56.0
フロストロトム,ずぶとい,34.0
フロストロトム,ひかえめ,10.0
スピンロトム,ずぶとい,35.4
スピンロトム,ひかえめ,35.4
スピンロトム,おくびょう,25.0
スピンロトム,おだやか,4.2
カットロトム,ひかえめ,63.9
カットロトム,おくびょう,16.8
カットロトム,ずぶとい,12.8
カットロトム,むじゃき,5.2
カットロトム,おだやか,1.3
ドレディア,ひかえめ,44.4
ドレディア,おくびょう,34.9
ドレディア,ずぶとい,11.9
ドレディア,おだやか,7.9
ドレディア,てれや,0.8
バスラオ(赤),ようき,66.7
バスラオ(赤),いじっぱり,33.3
バスラオ(青),いじっぱり,100.0
ワルビアル,ようき,37.1
ワルビアル,わんぱく,30.5
ワルビアル,いじっぱり,23.9
ワルビアル,しんちょう,7.0
ワルビアル,ずぶとい,1.5
ゾロア,ようき,100.0
ゾロアーク,おくびょう,28.6
ゾロアーク,ひかえめ,20.0
ゾロアーク,せっかち,12.3
ゾロアーク,いじっぱり,11.9
ゾロアーク,むじゃき,9.0
ゾロアーク,ようき,5.8
ゾロアーク,おっとり,3.5
ゾロアーク,さみしがり,3.4
ゾロアーク,やんちゃ,3.3
ゾロアーク,うっかりや,1.1
ゴチルゼル,ずぶとい,86.2
ゴチルゼル,おくびょう,8.1
ゴチルゼル,おだやか,3.5
ゴチルゼル,ひかえめ,1.7
ゴチルゼル,のんき,0.2
ゴチルゼル,すなお,0.2
ゴチルゼル,わんぱく,0.2
メブキジカ,ようき,72.4
メブキジカ,いじっぱり,27.6
タマゲタケ,ずぶとい,100.0
モロバレル,ずぶとい,37.7
モロバレル,のんき,28.0
モロバレル,おだやか,9.1
モロバレル,ひかえめ,6.5
モロバレル,れいせい,6.4
モロバレル,なまいき,4.4
モロバレル,わんぱく,3.3
モロバレル,しんちょう,2.3
モロバレル,ゆうかん,0.6
モロバレル,さみしがり,0.4
ママンボウ,しんちょう,51.0
ママンボウ,ずぶとい,18.5
ママンボウ,なまいき,8.8
ママンボウ,のんき,8.1
ママンボウ,わんぱく,6.7
ママンボウ,いじっぱり,4.4
ママンボウ,おだやか,1.6
ママンボウ,すなお,0.7
ママンボウ,うっかりや,0.2
シビルドン,れいせい,33.2
シビルドン,ひかえめ,17.5
シビルドン,ゆうかん,14.2
シビルドン,おっとり,10.1
シビルドン,うっかりや,6.0
シビルドン,いじっぱり,5.6
シビルドン,まじめ,3.0
シビルドン,おだやか,2.6
シビルドン,なまいき,2.2
シビルドン,のんき,1.9
オノノクス,ようき,52.1
オノノクス,いじっぱり,46.0
オノノクス,やんちゃ,0.8
オノノクス,わんぱく,0.6
オノノクス,さみしがり,0.2
オノノクス,てれや,0.2
オノノクス,きまぐれ,0.1
ツンベアー,ようき,83.3
ツンベアー,いじっぱり,16.7
フリージオ,おだやか,43.1
フリージオ,ずぶとい,30.1
フリージオ,おくびょう,13.0
フリージオ,わんぱく,8.9
フリージオ,しんちょう,3.3
フリージオ,ひかえめ,1.6
キリキザン,いじっぱり,67.8
キリキザン,わんぱく,12.9
キリキザン,ようき,5.6
キリキザン,がんばりや,4.7
キリキザン,しんちょう,4.7
キリキザン,ずぶとい,2.6
キリキザン,てれや,1.3
キリキザン,なまいき,0.4
ウォーグル,いじっぱり,74.4
ウォーグル,ようき,16.3
ウォーグル,しんちょう,7.0
ウォーグル,まじめ,2.3
サザンドラ,おくびょう,70.3
サザンドラ,ひかえめ,25.7
サザンドラ,いじっぱり,1.1
サザンドラ,むじゃき,0.5
サザンドラ,ようき,0.4
サザンドラ,ずぶとい,0.4
サザンドラ,うっかりや,0.4
サザンドラ,おだやか,0.3
サザンドラ,せっかち,0.2
サザンドラ,のんき,0.2
ウルガモス,ひかえめ,33.5
ウルガモス,おくびょう,31.4
ウルガモス,ずぶとい,31.2
ウルガモス,おだやか,1.9
ウルガモス,まじめ,0.4
ウルガモス,おっとり,0.3
ウルガモス,せっかち,0.3
ウルガモス,てれや,0.3
ウルガモス,のんき,0.3
ウルガモス,がんばりや,0.1
ファイアロー,ようき,25.0
ファイアロー,ずぶとい,20.3
ファイアロー,いじっぱり,19.3
ファイアロー,ひかえめ,17.5
ファイアロー,おくびょう,10.1
ファイアロー,わんぱく,4.5
ファイアロー,まじめ,2.4
ファイアロー,やんちゃ,0.5
ファイアロー,しんちょう,0.2
ファイアロー,すなお,0.2
ビビヨン,おくびょう,87.7
ビビヨン,ずぶとい,6.8
ビビヨン,ひかえめ,5.5
カエンジシ,おくびょう,84.7
カエンジシ,わんぱく,11.0
カエンジシ,おだやか,2.5
カエンジシ,ひかえめ,1.7
フラージェス,ひかえめ,49.9
フラージェス,おだやか,36.4
フラージェス,おくびょう,8.6
フラージェス,ずぶとい,4.3
フラージェス,おっとり,0.9
ゴーゴート,わんぱく,46.7
ゴーゴート,しんちょう,24.4
ゴーゴート,ひかえめ,15.6
ゴーゴート,いじっぱり,13.3
ドラミドロ,ひかえめ,70.1
ドラミドロ,なまいき,15.7
ドラミドロ,れいせい,10.7
ドラミドロ,おだやか,2.2
ドラミドロ,ずぶとい,1.3
ブロスター,ひかえめ,84.4
ブロスター,れいせい,13.3
ブロスター,ずぶとい,1.0
ブロスター,おっとり,0.8
ブロスター,おくびょう,0.5
ニンフィア,ひかえめ,78.1
ニンフィア,ずぶとい,7.8
ニンフィア,れいせい,5.9
ニンフィア,おだやか,4.8
ニンフィア,おくびょう,1.2
ニンフィア,てれや,0.7
ニンフィア,のんき,0.5
ニンフィア,なまいき,0.4
ニンフィア,おっとり,0.2
ニンフィア,せっかち,0.1
ルチャブル,いじっぱり,68.5
ルチャブル,ようき,23.7
ルチャブル,わんぱく,2.7
ルチャブル,せっかち,2.0
ルチャブル,さみしがり,1.7
ルチャブル,やんちゃ,1.4
デデンネ,おくびょう,57.6
デデンネ,わんぱく,24.2
デデンネ,ようき,9.1
デデンネ,ずぶとい,9.1
ヌメルゴン,ひかえめ,63.3
ヌメルゴン,おだやか,11.6
ヌメルゴン,いじっぱり,6.9
ヌメルゴン,れいせい,5.0
ヌメルゴン,おくびょう,4.0
ヌメルゴン,おとなしい,3.5
ヌメルゴン,ずぶとい,2.9
ヌメルゴン,なまいき,1.1
ヌメルゴン,すなお,0.7
ヌメルゴン,わんぱく,0.4
クレッフィ,ずぶとい,50.2
クレッフィ,おだやか,29.1
クレッフィ,ひかえめ,11.2
クレッフィ,のんき,3.1
クレッフィ,すなお,2.9
クレッフィ,しんちょう,1.0
クレッフィ,きまぐれ,0.6
クレッフィ,いじっぱり,0.6
クレッフィ,おっとり,0.4
クレッフィ,わんぱく,0.4
クレベース,わんぱく,83.2
クレベース,のんき,10.1
クレベース,のうてんき,2.4
クレベース,いじっぱり,1.6
クレベース,おっとり,1.1
クレベース,しんちょう,1.1
クレベース,むじゃき,0.4
クレベース,ゆうかん,0.2
クレベース,きまぐれ,0.1
オンバーン,おくびょう,62.5
オンバーン,ひかえめ,37.5
デカグース,いじっぱり,100.0
ケケンカニ,ゆうかん,52.9
ケケンカニ,いじっぱり,47.1
オドリドリ(めらめら),おくびょう,59.1
オドリドリ(めらめら),ずぶとい,40.9
オドリドリ(ぱちぱち),ずぶとい,57.5
オドリドリ(ぱちぱち),おくびょう,37.1
オドリドリ(ぱちぱち),おだやか,4.2
オドリドリ(ぱちぱち),がんばりや,0.6
オドリドリ(ぱちぱち),まじめ,0.6
オドリドリ(まいまい),おくびょう,60.0
オドリドリ(まいまい),ひかえめ,20.0
オドリドリ(まいまい),ずぶとい,20.0
ルガルガン(まひる),いじっぱり,52.7
ルガルガン(まひる),ようき,47.3
ルガルガン(まよなか),ようき,66.7
ルガルガン(まよなか),いじっぱり,18.5
ルガルガン(まよなか),わんぱく,7.4
ルガルガン(まよなか),しんちょう,7.4
ルガルガン(たそがれ),ようき,55.9
ルガルガン(たそがれ),いじっぱり,37.6
ルガルガン(たそがれ),せっかち,6.1
ルガルガン(たそがれ),のうてんき,0.4
ドヒドイデ,ずぶとい,39.3
ドヒドイデ,わんぱく,20.0
ドヒドイデ,なまいき,12.9
ドヒドイデ,おだやか,10.9
ドヒドイデ,しんちょう,8.2
ドヒドイデ,のんき,5.7
ドヒドイデ,ひかえめ,0.9
ドヒドイデ,れいせい,0.9
ドヒドイデ,いじっぱり,0.6
ドヒドイデ,きまぐれ,0.3
バンバドロ,わんぱく,77.7
バンバドロ,しんちょう,9.9
バンバドロ,いじっぱり,6.5
バンバドロ,のんき,1.9
バンバドロ,なまいき,1.5
バンバドロ,れいせい,0.7
バンバドロ,まじめ,0.5
バンバドロ,ひかえめ,0.4
バンバドロ,おとなしい,0.3
バンバドロ,ゆうかん,0.2
ラランテス,ひかえめ,37.8
ラランテス,れいせい,23.2
ラランテス,おだやか,18.4
ラランテス,ずぶとい,14.6
ラランテス,のんき,2.7
ラランテス,なまいき,1.1
ラランテス,ゆうかん,1.1
ラランテス,おくびょう,0.5
ラランテス,おとなしい,0.5
エンニュート,おくびょう,88.4
エンニュート,ようき,10.7
エンニュート,ひかえめ,0.8
アマージョ,いじっぱり,53.4
アマージョ,ようき,22.7
アマージョ,わんぱく,17.6
アマージョ,ゆうかん,3.9
アマージョ,しんちょう,1.5
アマージョ,まじめ,0.6
アマージョ,がんばりや,0.3
ヤレユータン,ひかえめ,100.0
ナゲツケサル,ようき,53.8
ナゲツケサル,いじっぱり,46.2
シロデスナ,ずぶとい,56.4
シロデスナ,ひかえめ,14.1
シロデスナ,おだやか,12.8
シロデスナ,なまいき,11.5
シロデスナ,れいせい,5.1
ネッコアラ,いじっぱり,45.0
ネッコアラ,しんちょう,44.0
ネッコアラ,わんぱく,7.0
ネッコアラ,ようき,3.0
ネッコアラ,うっかりや,1.0
ミミッキュ,ようき,53.3
ミミッキュ,いじっぱり,39.8
ミミッキュ,おくびょう,2.7
ミミッキュ,わんぱく,1.1
ミミッキュ,ゆうかん,1.0
ミミッキュ,むじゃき,0.3
ミミッキュ,まじめ,0.3
ミミッキュ,のんき,0.2
ミミッキュ,きまぐれ,0.2
ミミッキュ,しんちょう,0.2
ハギギシリ,せっかち,44.0
ハギギシリ,ようき,32.1
ハギギシリ,いじっぱり,19.0
ハギギシリ,ゆうかん,4.8
ヨクバリス,ゆうかん,37.1
ヨクバリス,しんちょう,24.7
ヨクバリス,わんぱく,22.5
ヨクバリス,のんき,15.7
アーマーガア,わんぱく,89.5
アーマーガア,しんちょう,3.2
アーマーガア,のんき,1.7
アーマーガア,ずぶとい,1.6
アーマーガア,いじっぱり,1.6
アーマーガア,ようき,0.5
アーマーガア,おくびょう,0.4
アーマーガア,さみしがり,0.2
アーマーガア,のうてんき,0.2
アーマーガア,なまいき,0.2
カジリガメ,いじっぱり,96.4
カジリガメ,さみしがり,1.8
カジリガメ,ようき,1.8
トロッゴン,しんちょう,100.0
セキタンザン,いじっぱり,46.5
セキタンザン,なまいき,10.2
セキタンザン,ひかえめ,10.2
セキタンザン,わんぱく,8.7
セキタンザン,のんき,7.9
セキタンザン,ずぶとい,6.3
セキタンザン,しんちょう,3.9
セキタンザン,おだやか,3.1
セキタンザン,ゆうかん,1.6
セキタンザン,うっかりや,1.6
アップリュー,ゆうかん,66.0
アップリュー,ようき,25.5
アップリュー,いじっぱり,6.4
アップリュー,すなお,2.1
タルップル,おだやか,37.5
タルップル,ずぶとい,32.4
タルップル,なまいき,17.0
タルップル,ひかえめ,8.0
タルップル,のんき,3.4
タルップル,れいせい,1.1
タルップル,まじめ,0.6
サダイジャ,いじっぱり,57.4
サダイジャ,わんぱく,33.3
サダイジャ,ようき,7.8
サダイジャ,のんき,1.4
カマスジョー,いじっぱり,53.6
カマスジョー,ようき,46.4
ストリンダー(ハイ),ひかえめ,77.3
ストリンダー(ハイ),おくびょう,8.7
ストリンダー(ハイ),がんばりや,7.0
ストリンダー(ハイ),おだやか,3.3
ストリンダー(ハイ),うっかりや,2.9
ストリンダー(ハイ),すなお,0.4
ストリンダー(ハイ),ようき,0.4
ストリンダー(ロー),ひかえめ,85.0
ストリンダー(ロー),おくびょう,9.6
ストリンダー(ロー),おだやか,4.8
ストリンダー(ロー),てれや,0.6
ポットデス,おくびょう,44.1
ポットデス,ずぶとい,30.7
ポットデス,ひかえめ,20.0
ポットデス,おだやか,2.0
ポットデス,れいせい,0.8
ポットデス,おっとり,0.6
ポットデス,せっかち,0.5
ポットデス,てれや,0.5
ポットデス,のうてんき,0.3
ポットデス,うっかりや,0.3
テブリム,ずぶとい,56.2
テブリム,なまいき,28.8
テブリム,おだやか,9.6
テブリム,れいせい,5.5
ブリムオン,れいせい,59.5
ブリムオン,ひかえめ,21.6
ブリムオン,ずぶとい,7.9
ブリムオン,のんき,4.8
ブリムオン,なまいき,2.9
ブリムオン,おだやか,1.8
ブリムオン,さみしがり,1.4
ブリムオン,いじっぱり,0.1
ギモー,しんちょう,100.0
オーロンゲ,わんぱく,53.4
オーロンゲ,いじっぱり,21.7
オーロンゲ,しんちょう,16.1
オーロンゲ,ずぶとい,2.1
オーロンゲ,ようき,1.9
オーロンゲ,なまいき,0.8
オーロンゲ,おだやか,0.7
オーロンゲ,のんき,0.7
オーロンゲ,やんちゃ,0.6
オーロンゲ,まじめ,0.5
タイレーツ,わんぱく,50.0
タイレーツ,ようき,40.0
タイレーツ,やんちゃ,10.0
バチンウニ,のんき,38.0
バチンウニ,ずぶとい,22.5
バチンウニ,いじっぱり,19.0
バチンウニ,わんぱく,14.1
バチンウニ,おだやか,2.1
バチンウニ,ゆうかん,1.4
バチンウニ,なまいき,1.4
バチンウニ,れいせい,0.7
バチンウニ,ひかえめ,0.7
モスノウ,ひかえめ,40.8
モスノウ,おだやか,26.3
モスノウ,おくびょう,16.3
モスノウ,ずぶとい,14.7
モスノウ,せっかち,1.7
モスノウ,すなお,0.2
イシヘンジン,わんぱく,66.7
イシヘンジン,いじっぱり,33.3
コオリッポ,ようき,37.2
コオリッポ,ひかえめ,33.0
コオリッポ,いじっぱり,22.3
コオリッポ,おくびょう,5.3
コオリッポ,むじゃき,1.1
コオリッポ,のんき,1.1
イエッサン♂,おくびょう,40.5
イエッサン♂,ひかえめ,33.0
イエッサン♂,のんき,12.2
イエッサン♂,ずぶとい,8.8
イエッサン♂,やんちゃ,3.5
イエッサン♂,さみしがり,0.6
イエッサン♂,おだやか,0.6
イエッサン♂,てれや,0.4
イエッサン♂,うっかりや,0.2
イエッサン♂,わんぱく,0.2
イエッサン♀,おくびょう,36.2
イエッサン♀,ずぶとい,28.3
イエッサン♀,のんき,14.5
イエッサン♀,ひかえめ,8.3
イエッサン♀,おだやか,7.9
イエッサン♀,むじゃき,2.6
イエッサン♀,なまいき,1.3
イエッサン♀,わんぱく,0.4
イエッサン♀,れいせい,0.4
イエッサン♀,てれや,0.2
ダイオウドウ,ゆうかん,35.2
ダイオウドウ,いじっぱり,24.1
ダイオウドウ,なまいき,22.2
ダイオウドウ,わんぱく,11.1
ダイオウドウ,しんちょう,7.4
ドロンチ,のんき,100.0
ドラパルト,ようき,48.5
ドラパルト,おくびょう,25.2
ドラパルト,いじっぱり,10.1
ドラパルト,むじゃき,8.8
ドラパルト,ひかえめ,3.7
ドラパルト,せっかち,1.3
ドラパルト,うっかりや,0.6
ドラパルト,やんちゃ,0.5
ドラパルト,ずぶとい,0.4
ドラパルト,わんぱく,0.3
ニャオハ,いじっぱり,85.7
ニャオハ,ずぶとい,14.3
ニャローテ,わんぱく,100.0
マスカーニャ,ようき,54.6
マスカーニャ,いじっぱり,41.7
マスカーニャ,わんぱく,0.9
マスカーニャ,むじゃき,0.9
マスカーニャ,せっかち,0.6
マスカーニャ,やんちゃ,0.4
マスカーニャ,おくびょう,0.3
マスカーニャ,ひかえめ,0.3
マスカーニャ,さみしがり,0.1
マスカーニャ,てれや,0.0
ホゲータ,わんぱく,100.0
アチゲータ,ずぶとい,82.8
アチゲータ,おだやか,15.6
アチゲータ,わんぱく,1.6
ラウドボーン,ずぶとい,68.1
ラウドボーン,ひかえめ,19.4
ラウドボーン,おだやか,8.1
ラウドボーン,おくびょう,1.6
ラウドボーン,おっとり,0.5
ラウドボーン,のんき,0.5
ラウドボーン,すなお,0.4
ラウドボーン,れいせい,0.3
ラウドボーン,わんぱく,0.2
ラウドボーン,なまいき,0.2
ウェーニバル,ようき,59.5
ウェーニバル,いじっぱり,28.7
ウェーニバル,わんぱく,6.4
ウェーニバル,しんちょう,4.0
ウェーニバル,おくびょう,0.7
ウェーニバル,さみしがり,0.4
ウェーニバル,のうてんき,0.1
ウェーニバル,なまいき,0.1
ウェーニバル,てれや,0.1
ウェーニバル,やんちゃ,0.1
パフュートン♂,いじっぱり,64.1
パフュートン♂,てれや,20.5
パフュートン♂,ようき,5.1
パフュートン♂,しんちょう,5.1
パフュートン♂,わんぱく,2.6
パフュートン♂,ゆうかん,2.6
パフュートン♀,ようき,100.0
ワナイダー,わんぱく,44.1
ワナイダー,しんちょう,23.5
ワナイダー,のんき,14.1
ワナイダー,おとなしい,12.9
ワナイダー,いじっぱり,4.1
ワナイダー,うっかりや,1.2
エクスレッグ,いじっぱり,82.5
エクスレッグ,ようき,12.9
エクスレッグ,せっかち,2.3
エクスレッグ,すなお,1.5
エクスレッグ,さみしがり,0.9
パーモット,ようき,60.5
パーモット,いじっぱり,35.8
パーモット,せっかち,0.8
パーモット,きまぐれ,0.6
パーモット,むじゃき,0.6
パーモット,のんき,0.5
パーモット,しんちょう,0.4
パーモット,やんちゃ,0.3
パーモット,さみしがり,0.3
パーモット,がんばりや,0.2
イッカネズミ,ようき,74.4
イッカネズミ,いじっぱり,13.1
イッカネズミ,おくびょう,8.9
イッカネズミ,さみしがり,1.1
イッカネズミ,ずぶとい,0.7
イッカネズミ,すなお,0.4
イッカネズミ,きまぐれ,0.4
イッカネズミ,おだやか,0.2
イッカネズミ,わんぱく,0.2
イッカネズミ,のんき,0.2
パピモッチ,ようき,100.0
バウッツェル,しんちょう,40.9
バウッツェル,ようき,31.8
バウッツェル,いじっぱり,27.3
オリーヴァ,ずぶとい,40.7
オリーヴァ,ひかえめ,36.6
オリーヴァ,おだやか,18.0
オリーヴァ,れいせい,2.4
オリーヴァ,なまいき,1.3
オリーヴァ,がんばりや,0.4
オリーヴァ,わんぱく,0.3
オリーヴァ,いじっぱり,0.1
オリーヴァ,まじめ,0.1
オリーヴァ,のんき,0.1
イキリンコ,ようき,58.8
イキリンコ,わんぱく,23.5
イキリンコ,いじっぱり,11.8
イキリンコ,しんちょう,5.9
イキリンコ,ようき,100.0
イキリンコ,ようき,100.0
イキリンコ,いじっぱり,84.2
イキリンコ,ようき,15.8
ジオヅム,しんちょう,50.0
ジオヅム,わんぱく,50.0
キョジオーン,わんぱく,55.8
キョジオーン,しんちょう,37.8
キョジオーン,のんき,1.6
キョジオーン,なまいき,1.3
キョジオーン,いじっぱり,1.3
キョジオーン,おだやか,0.5
キョジオーン,ずぶとい,0.3
キョジオーン,ゆうかん,0.3
キョジオーン,のうてんき,0.2
キョジオーン,てれや,0.1
グレンアルマ,ひかえめ,83.0
グレンアルマ,おくびょう,10.7
グレンアルマ,ずぶとい,1.8
グレンアルマ,れいせい,1.6
グレンアルマ,おだやか,0.7
グレンアルマ,うっかりや,0.5
グレンアルマ,せっかち,0.4
グレンアルマ,さみしがり,0.2
グレンアルマ,きまぐれ,0.2
グレンアルマ,おっとり,0.2
ソウブレイズ,いじっぱり,57.0
ソウブレイズ,ようき,19.6
ソウブレイズ,わんぱく,10.4
ソウブレイズ,しんちょう,9.1
ソウブレイズ,さみしがり,0.8
ソウブレイズ,まじめ,0.7
ソウブレイズ,おくびょう,0.6
ソウブレイズ,むじゃき,0.5
ソウブレイズ,がんばりや,0.4
ソウブレイズ,きまぐれ,0.3
ハラバリー,ひかえめ,37.8
ハラバリー,なまいき,25.5
ハラバリー,おだやか,17.3
ハラバリー,れいせい,10.9
ハラバリー,ずぶとい,3.8
ハラバリー,のんき,3.7
ハラバリー,すなお,0.3
ハラバリー,おくびょう,0.2
ハラバリー,おとなしい,0.2
ハラバリー,まじめ,0.1
カイデン,おっとり,100.0
タイカイデン,おくびょう,69.9
タイカイデン,ひかえめ,23.5
タイカイデン,ずぶとい,2.7
タイカイデン,むじゃき,2.5
タイカイデン,てれや,0.9
タイカイデン,おだやか,0.2
タイカイデン,いじっぱり,0.2
マフィティフ,いじっぱり,61.4
マフィティフ,ようき,27.1
マフィティフ,わんぱく,9.3
マフィティフ,むじゃき,2.1
タギングル,いじっぱり,36.0
タギングル,しんちょう,25.9
タギングル,ようき,14.2
タギングル,わんぱく,5.3
タギングル,やんちゃ,4.8
タギングル,なまいき,4.4
タギングル,ゆうかん,4.1
タギングル,のんき,1.8
タギングル,のうてんき,1.4
タギングル,ずぶとい,1.1
アノホラグサ,いじっぱり,67.4
アノホラグサ,ようき,27.9
アノホラグサ,わんぱく,4.7
リククラゲ,おだやか,46.0
リククラゲ,ひかえめ,23.0
リククラゲ,おくびょう,15.4
リククラゲ,ずぶとい,7.8
リククラゲ,うっかりや,2.0
リククラゲ,なまいき,1.8
リククラゲ,のんき,1.5
リククラゲ,わんぱく,1.3
リククラゲ,しんちょう,0.7
リククラゲ,まじめ,0.3
ガケガニ,ようき,86.3
ガケガニ,いじっぱり,4.1
ガケガニ,わんぱく,2.7
ガケガニ,てれや,2.7
ガケガニ,ずぶとい,2.7
ガケガニ,せっかち,1.4
スコヴィラン,ずぶとい,41.5
スコヴィラン,ひかえめ,30.3
スコヴィラン,おくびょう,13.4
スコヴィラン,やんちゃ,5.6
スコヴィラン,わんぱく,3.9
スコヴィラン,うっかりや,2.1
スコヴィラン,まじめ,1.1
スコヴィラン,いじっぱり,1.1
スコヴィラン,せっかち,0.7
スコヴィラン,ようき,0.4
ベラカス,ひかえめ,39.7
ベラカス,れいせい,19.0
ベラカス,ずぶとい,15.9
ベラカス,のんき,14.3
ベラカス,おくびょう,9.5
ベラカス,なまいき,1.6
クエスパトラ,ひかえめ,43.4
クエスパトラ,ずぶとい,32.4
クエスパトラ,おくびょう,20.6
クエスパトラ,おだやか,1.0
クエスパトラ,すなお,0.4
クエスパトラ,むじゃき,0.4
クエスパトラ,おっとり,0.3
クエスパトラ,せっかち,0.3
クエスパトラ,のうてんき,0.2
クエスパトラ,ようき,0.2
ナカヌチャン,わんぱく,100.0
デカヌチャン,ようき,46.6
デカヌチャン,いじっぱり,32.3
デカヌチャン,しんちょう,11.0
デカヌチャン,わんぱく,6.9
デカヌチャン,ずぶとい,1.2
デカヌチャン,むじゃき,0.4
デカヌチャン,おとなしい,0.3
デカヌチャン,おだやか,0.2
デカヌチャン,のんき,0.2
デカヌチャン,せっかち,0.2
ウミトリオ,ようき,33.3
ウミトリオ,せっかち,33.3
ウミトリオ,いじっぱり,33.3
オトシドリ,ようき,93.3
オトシドリ,いじっぱり,3.9
オトシドリ,わんぱく,2.8
イルカマン,いじっぱり,62.0
イルカマン,ようき,35.7
イルカマン,がんばりや,0.4
イルカマン,しんちょう,0.4
イルカマン,おくびょう,0.3
イルカマン,わんぱく,0.2
イルカマン,せっかち,0.2
イルカマン,さみしがり,0.1
イルカマン,ひかえめ,0.1
イルカマン,やんちゃ,0.1
ブロロローム,いじっぱり,77.4
ブロロローム,ようき,15.6
ブロロローム,わんぱく,2.9
ブロロローム,しんちょう,2.4
ブロロローム,れいせい,1.0
ブロロローム,ずぶとい,0.5
ブロロローム,おくびょう,0.2
モトトカゲ,ようき,33.7
モトトカゲ,いじっぱり,24.0
モトトカゲ,おくびょう,19.4
モトトカゲ,ひかえめ,19.4
モトトカゲ,むじゃき,1.7
モトトカゲ,まじめ,0.7
モトトカゲ,わんぱく,0.3
モトトカゲ,うっかりや,0.3
モトトカゲ,てれや,0.3
ミミズズ,わんぱく,68.5
ミミズズ,のんき,12.2
ミミズズ,ずぶとい,8.6
ミミズズ,しんちょう,3.1
ミミズズ,なまいき,2.7
ミミズズ,いじっぱり,0.8
ミミズズ,のうてんき,0.7
ミミズズ,ようき,0.7
ミミズズ,きまぐれ,0.6
ミミズズ,おだやか,0.4
キラフロル,おくびょう,53.8
キラフロル,ひかえめ,32.4
キラフロル,ずぶとい,6.3
キラフロル,おだやか,4.6
キラフロル,むじゃき,0.6
キラフロル,せっかち,0.4
キラフロル,さみしがり,0.4
キラフロル,ようき,0.3
キラフロル,おっとり,0.3
キラフロル,すなお,0.2
ボチ,おだやか,100.0
ハカドッグ,いじっぱり,75.2
ハカドッグ,わんぱく,12.4
ハカドッグ,ようき,9.9
ハカドッグ,ゆうかん,1.0
ハカドッグ,ずぶとい,0.6
ハカドッグ,おっとり,0.6
ハカドッグ,しんちょう,0.1
ハカドッグ,てれや,0.1
カラミンゴ,ようき,73.9
カラミンゴ,いじっぱり,26.1
ハルクジラ,いじっぱり,77.3
ハルクジラ,ゆうかん,10.2
ハルクジラ,ようき,5.3
ハルクジラ,しんちょう,3.1
ハルクジラ,なまいき,2.4
ハルクジラ,わんぱく,1.4
ハルクジラ,すなお,0.2
ミガルーサ,ひかえめ,61.4
ミガルーサ,おくびょう,21.6
ミガルーサ,ようき,6.8
ミガルーサ,いじっぱり,6.8
ミガルーサ,うっかりや,2.3
ミガルーサ,すなお,1.1
ヘイラッシャ,わんぱく,75.6
ヘイラッシャ,いじっぱり,11.7
ヘイラッシャ,しんちょう,7.1
ヘイラッシャ,のんき,2.5
ヘイラッシャ,ずぶとい,0.9
ヘイラッシャ,なまいき,0.4
ヘイラッシャ,ゆうかん,0.4
ヘイラッシャ,のうてんき,0.3
ヘイラッシャ,がんばりや,0.3
ヘイラッシャ,てれや,0.1
シャリタツ,おくびょう,67.9
シャリタツ,ひかえめ,15.6
シャリタツ,うっかりや,10.1
シャリタツ,むじゃき,2.8
シャリタツ,おだやか,1.8
シャリタツ,ずぶとい,0.9
シャリタツ,まじめ,0.9
コノヨザル,ようき,59.6
コノヨザル,いじっぱり,20.3
コノヨザル,わんぱく,10.4
コノヨザル,しんちょう,7.5
コノヨザル,のんき,0.3
コノヨザル,のうてんき,0.3
コノヨザル,うっかりや,0.2
コノヨザル,おっとり,0.2
コノヨザル,すなお,0.2
コノヨザル,がんばりや,0.1
ドオー,しんちょう,74.3
ドオー,わんぱく,14.3
ドオー,なまいき,3.3
ドオー,いじっぱり,2.4
ドオー,のんき,2.4
ドオー,ずぶとい,1.0
ドオー,おだやか,1.0
ドオー,きまぐれ,0.4
ドオー,おとなしい,0.3
ドオー,ゆうかん,0.2
リキキリン,ひかえめ,68.8
リキキリン,れいせい,15.7
リキキリン,おだやか,5.5
リキキリン,いじっぱり,5.0
リキキリン,うっかりや,3.0
リキキリン,ずぶとい,1.1
リキキリン,のんき,0.6
リキキリン,ゆうかん,0.3
ノココッチ,ひかえめ,46.2
ノココッチ,わんぱく,13.1
ノココッチ,しんちょう,12.3
ノココッチ,おだやか,9.7
ノココッチ,ずぶとい,8.1
ノココッチ,おくびょう,4.8
ノココッチ,いじっぱり,2.2
ノココッチ,ようき,2.2
ノココッチ,のんき,0.8
ノココッチ,れいせい,0.6
ドドゲザン,いじっぱり,87.3
ドドゲザン,しんちょう,3.5
ドドゲザン,ゆうかん,2.8
ドドゲザン,わんぱく,2.3
ドドゲザン,ようき,1.3
ドドゲザン,のんき,0.4
ドドゲザン,おとなしい,0.4
ドドゲザン,てれや,0.3
ドドゲザン,すなお,0.3
ドドゲザン,うっかりや,0.2
イダイナキバ,ようき,60.3
イダイナキバ,いじっぱり,35.5
イダイナキバ,わんぱく,2.3
イダイナキバ,しんちょう,0.5
イダイナキバ,やんちゃ,0.3
イダイナキバ,てれや,0.3
イダイナキバ,すなお,0.2
イダイナキバ,まじめ,0.1
イダイナキバ,せっかち,0.1
イダイナキバ,きまぐれ,0.1
サケブシッポ,おくびょう,37.8
サケブシッポ,ようき,18.4
サケブシッポ,ずぶとい,15.2
サケブシッポ,おだやか,10.3
サケブシッポ,わんぱく,8.6
サケブシッポ,ひかえめ,4.7
サケブシッポ,いじっぱり,2.0
サケブシッポ,しんちょう,1.5
サケブシッポ,ゆうかん,0.6
サケブシッポ,なまいき,0.3
アラブルタケ,いじっぱり,54.6
アラブルタケ,ようき,30.0
アラブルタケ,わんぱく,7.5
アラブルタケ,ゆうかん,3.7
アラブルタケ,さみしがり,1.4
アラブルタケ,しんちょう,1.3
アラブルタケ,のんき,0.7
アラブルタケ,ひかえめ,0.2
アラブルタケ,てれや,0.2
アラブルタケ,やんちゃ,0.2
ハバタクカミ,おくびょう,79.8
ハバタクカミ,ひかえめ,17.1
ハバタクカミ,ずぶとい,1.9
ハバタクカミ,せっかち,0.3
ハバタクカミ,おだやか,0.1
ハバタクカミ,おっとり,0.1
ハバタクカミ,なまいき,0.1
ハバタクカミ,ようき,0.1
ハバタクカミ,さみしがり,0.1
ハバタクカミ,まじめ,0.1
チヲハウハネ,いじっぱり,51.3
チヲハウハネ,ようき,31.5
チヲハウハネ,わんぱく,14.2
チヲハウハネ,おくびょう,0.7
チヲハウハネ,ゆうかん,0.6
チヲハウハネ,やんちゃ,0.4
チヲハウハネ,まじめ,0.4
チヲハウハネ,しんちょう,0.3
チヲハウハネ,おっとり,0.2
チヲハウハネ,てれや,0.2
スナノケガワ,おくびょう,66.3
スナノケガワ,ひかえめ,21.9
スナノケガワ,ずぶとい,7.8
スナノケガワ,むじゃき,1.1
スナノケガワ,おだやか,0.9
スナノケガワ,おとなしい,0.8
スナノケガワ,せっかち,0.5
スナノケガワ,ようき,0.3
スナノケガワ,がんばりや,0.2
スナノケガワ,おっとり,0.1
テツノワダチ,ようき,50.3
テツノワダチ,いじっぱり,32.0
テツノワダチ,しんちょう,10.5
テツノワダチ,わんぱく,3.6
テツノワダチ,なまいき,1.2
テツノワダチ,おくびょう,0.9
テツノワダチ,ひかえめ,0.5
テツノワダチ,てれや,0.3
テツノワダチ,むじゃき,0.3
テツノワダチ,やんちゃ,0.3
テツノツツミ,おくびょう,86.9
テツノツツミ,ひかえめ,8.2
テツノツツミ,むじゃき,2.7
テツノツツミ,ずぶとい,0.6
テツノツツミ,ようき,0.3
テツノツツミ,うっかりや,0.2
テツノツツミ,てれや,0.2
テツノツツミ,がんばりや,0.1
テツノツツミ,せっかち,0.1
テツノツツミ,いじっぱり,0.1
テツノカイナ,いじっぱり,87.2
テツノカイナ,ゆうかん,3.6
テツノカイナ,しんちょう,3.4
テツノカイナ,わんぱく,3.0
テツノカイナ,なまいき,0.8
テツノカイナ,ようき,0.7
テツノカイナ,まじめ,0.3
テツノカイナ,きまぐれ,0.2
テツノカイナ,うっかりや,0.2
テツノカイナ,のんき,0.1
テツノコウベ,おくびょう,84.6
テツノコウベ,ひかえめ,11.8
テツノコウベ,わんぱく,2.8
テツノコウベ,おっとり,0.2
テツノコウベ,おだやか,0.2
テツノコウベ,ずぶとい,0.1
テツノコウベ,うっかりや,0.1
テツノコウベ,ようき,0.1
テツノドクガ,おくびょう,66.4
テツノドクガ,ひかえめ,29.8
テツノドクガ,おだやか,2.4
テツノドクガ,むじゃき,0.2
テツノドクガ,おとなしい,0.2
テツノドクガ,ずぶとい,0.2
テツノドクガ,きまぐれ,0.2
テツノドクガ,せっかち,0.1
テツノドクガ,がんばりや,0.1
テツノドクガ,なまいき,0.1
テツノイバラ,ようき,36.4
テツノイバラ,いじっぱり,33.6
テツノイバラ,わんぱく,11.7
テツノイバラ,しんちょう,10.3
テツノイバラ,なまいき,7.5
テツノイバラ,おくびょう,0.5
セゴール,ようき,100.0
セグレイブ,いじっぱり,73.0
セグレイブ,ようき,24.9
セグレイブ,わんぱく,0.3
セグレイブ,しんちょう,0.3
セグレイブ,やんちゃ,0.2
セグレイブ,むじゃき,0.2
セグレイブ,すなお,0.2
セグレイブ,さみしがり,0.2
セグレイブ,てれや,0.2
セグレイブ,ゆうかん,0.1
サーフゴー,ひかえめ,41.6
サーフゴー,おくびょう,36.3
サーフゴー,ずぶとい,20.3
サーフゴー,おだやか,0.7
サーフゴー,おっとり,0.2
サーフゴー,わんぱく,0.2
サーフゴー,むじゃき,0.1
サーフゴー,のうてんき,0.1
サーフゴー,すなお,0.1
サーフゴー,がんばりや,0.1
トドロクツキ,いじっぱり,52.3
トドロクツキ,ようき,40.7
トドロクツキ,わんぱく,4.1
トドロクツキ,しんちょう,1.3
トドロクツキ,さみしがり,0.3
トドロクツキ,おくびょう,0.3
トドロクツキ,うっかりや,0.2
トドロクツキ,がんばりや,0.2
トドロクツキ,ずぶとい,0.2
トドロクツキ,おだやか,0.1
テツノブジン,ようき,34.8
テツノブジン,むじゃき,29.3
テツノブジン,おくびょう,10.6
テツノブジン,やんちゃ,8.9
テツノブジン,いじっぱり,8.0
テツノブジン,うっかりや,3.7
テツノブジン,ひかえめ,2.0
テツノブジン,せっかち,1.3
テツノブジン,きまぐれ,0.2
テツノブジン,まじめ,0.2
