ピカチュウ,でんきだま,95.6
ピカチュウ,しんかのきせき,4.1
ピカチュウ,きあいのタスキ,0.3
ライチュウ,ひかりのねんど,50.3
ライチュウ,きあいのタスキ,26.3
ライチュウ,ふうせん,6.9
ライチュウ,こだわりスカーフ,3.9
ライチュウ,こだわりメガネ,3.3
ライチュウ,いのちのたま,3.3
ライチュウ,とつげきチョッキ,1.0
ライチュウ,グランドコート,0.6
ライチュウ,オボンのみ,0.5
ライチュウ,シュカのみ,0.4
プリン,しんかのきせき,84.4
プリン,きあいのタスキ,12.5
プリン,メンタルハーブ,3.1
プクリン,オボンのみ,21.0
プクリン,メンタルハーブ,14.9
プクリン,ゴツゴツメット,10.7
プクリン,からぶりほけん,8.9
プクリン,リリバのみ,7.9
プクリン,きあいのタスキ,5.3
プクリン,ひかりのねんど,4.7
プクリン,ぼうじんゴーグル,3.3
プクリン,いのちのたま,2.5
プクリン,たべのこし,2.3
コンパン,きあいのタスキ,65.7
コンパン,たべのこし,20.0
コンパン,しんかのきせき,14.3
モルフォン,きあいのタスキ,21.3
モルフォン,くろいヘドロ,14.5
モルフォン,こうかくレンズ,8.9
モルフォン,からぶりほけん,8.9
モルフォン,いのちのたま,8.9
モルフォン,メンタルハーブ,8.7
モルフォン,たべのこし,7.4
モルフォン,じゃくてんほけん,5.8
モルフォン,オボンのみ,4.5
モルフォン,バンジのみ,2.9
ディグダ,きあいのタスキ,100.0
ダグトリオ,きあいのタスキ,85.1
ダグトリオ,ふうせん,4.3
ダグトリオ,ひかりのこな,3.6
ダグトリオ,ヤチェのみ,2.2
ダグトリオ,こだわりスカーフ,1.1
ダグトリオ,メンタルハーブ,1.0
ダグトリオ,カムラのみ,0.4
ダグトリオ,からぶりほけん,0.3
ダグトリオ,いのちのたま,0.3
ダグトリオ,ラムのみ,0.3
ニャース,きあいのタスキ,100.0
ペルシアン,いのちのたま,39.1
ペルシアン,きあいのタスキ,16.6
ペルシアン,こだわりスカーフ,14.6
ペルシアン,ノーマルジュエル,9.6
ペルシアン,シルクのスカーフ,5.6
ペルシアン,いかさまダイス,4.6
ペルシアン,こうかくレンズ,2.0
ペルシアン,かえんだま,2.0
ペルシアン,どくどくだま,1.7
ペルシアン,からぶりほけん,1.3
コダック,きあいのタスキ,48.3
コダック,こだわりメガネ,34.5
コダック,しんかのきせき,13.8
コダック,たべのこし,3.4
ゴルダック,いのちのたま,34.8
ゴルダック,こだわりメガネ,13.4
ゴルダック,しんぴのしずく,13.4
ゴルダック,たべのこし,5.9
ゴルダック,きあいのタスキ,5.5
ゴルダック,おんみつマント,4.9
ゴルダック,たつじんのおび,4.9
ゴルダック,とつげきチョッキ,3.3
ゴルダック,ラムのみ,3.3
ゴルダック,メンタルハーブ,2.6
オコリザル,しんかのきせき,98.5
オコリザル,きあいのタスキ,0.7
オコリザル,こだわりスカーフ,0.7
ガーディ,しんかのきせき,90.9
ガーディ,とつげきチョッキ,9.1
ウインディ,とつげきチョッキ,24.5
ウインディ,ゴツゴツメット,19.9
ウインディ,いのちのたま,15.3
ウインディ,こだわりハチマキ,9.7
ウインディ,オボンのみ,8.3
ウインディ,たべのこし,4.9
ウインディ,じゃくてんほけん,2.7
ウインディ,あつぞこブーツ,2.5
ウインディ,だっしゅつパック,1.3
ウインディ,ラムのみ,1.1
ヤドン,しんかのきせき,100.0
ヤドラン,ゴツゴツメット,31.2
ヤドラン,とつげきチョッキ,17.3
ヤドラン,たべのこし,9.3
ヤドラン,こだわりメガネ,8.5
ヤドラン,オボンのみ,7.6
ヤドラン,おんみつマント,4.2
ヤドラン,いのちのたま,3.8
ヤドラン,きあいのタスキ,2.7
ヤドラン,こうこうのしっぽ,2.4
ヤドラン,ひかりのこな,1.9
コイル,こだわりメガネ,82.8
コイル,ひかりのねんど,17.2
レアコイル,しんかのきせき,53.7
レアコイル,こだわりスカーフ,10.0
レアコイル,こだわりメガネ,8.4
レアコイル,じゃくてんほけん,6.5
レアコイル,ゴツゴツメット,5.2
レアコイル,グランドコート,4.3
レアコイル,ひかりのねんど,3.5
レアコイル,カムラのみ,2.9
レアコイル,からぶりほけん,1.5
レアコイル,あついいわ,1.2
ベトベター,たべのこし,79.2
ベトベター,しんかのきせき,20.8
ベトベトン,とつげきチョッキ,31.2
ベトベトン,くろいヘドロ,29.8
ベトベトン,たべのこし,21.5
ベトベトン,ひかりのこな,5.6
ベトベトン,オボンのみ,2.4
ベトベトン,ぼうごパット,1.9
ベトベトン,でんきだま,1.2
ベトベトン,おおきなねっこ,1.2
ベトベトン,おんみつマント,1.1
ベトベトン,パンチグローブ,0.8
シェルダー,おうじゃのしるし,100.0
パルシェン,きあいのタスキ,53.6
パルシェン,おうじゃのしるし,20.4
パルシェン,しろいハーブ,7.1
パルシェン,ラムのみ,6.7
パルシェン,とけないこおり,2.1
パルシェン,いのちのたま,1.7
パルシェン,こだわりスカーフ,1.6
パルシェン,ゴツゴツメット,1.1
パルシェン,こだわりハチマキ,1.1
パルシェン,オボンのみ,0.7
ゴース,きあいのタスキ,54.5
ゴース,こだわりスカーフ,45.5
ゴースト,きあいのタスキ,62.6
ゴースト,こだわりスカーフ,26.1
ゴースト,しんかのきせき,7.4
ゴースト,たつじんのおび,1.6
ゴースト,いのちのたま,1.0
ゴースト,こうこうのしっぽ,1.0
ゴースト,どくどくだま,0.3
ゲンガー,きあいのタスキ,87.9
ゲンガー,こだわりスカーフ,6.8
ゲンガー,こうかくレンズ,1.1
ゲンガー,こだわりメガネ,0.7
ゲンガー,いのちのたま,0.4
ゲンガー,くろいヘドロ,0.4
ゲンガー,ラムのみ,0.4
ゲンガー,ものしりメガネ,0.4
ゲンガー,ふうせん,0.3
ゲンガー,ひかりのこな,0.3
スリープ,しんかのきせき,100.0
スリーパー,からぶりほけん,36.8
スリーパー,こうこうのしっぽ,29.7
スリーパー,しめったいわ,12.8
スリーパー,こだわりスカーフ,7.1
スリーパー,たべのこし,2.6
スリーパー,ひかりのこな,1.9
スリーパー,こだわりメガネ,1.9
スリーパー,かえんだま,1.5
スリーパー,オボンのみ,1.5
スリーパー,たつじんのおび,1.5
マルマイン,きあいのタスキ,38.8
マルマイン,いのちのたま,23.2
マルマイン,グランドコート,11.0
マルマイン,ふうせん,5.3
マルマイン,ひかりのねんど,2.8
マルマイン,だっしゅつボタン,2.3
マルマイン,レッドカード,2.0
マルマイン,ものしりメガネ,1.6
マルマイン,こだわりスカーフ,1.5
マルマイン,ものまねハーブ,1.4
ラッキー,しんかのきせき,98.7
ラッキー,たべのこし,0.9
ラッキー,のろいのおふだ,0.1
ラッキー,おんみつマント,0.0
ラッキー,メトロノーム,0.0
ラッキー,どくどくだま,0.0
ラッキー,レッドカード,0.0
ラッキー,ちいさなタケノコ,0.0
ラッキー,かわらずのいし,0.0
ラッキー,せんせいのツメ,0.0
ストライク,しんかのきせき,91.4
ストライク,きあいのタスキ,4.7
ストライク,こだわりスカーフ,0.9
ストライク,こだわりハチマキ,0.7
ストライク,メトロノーム,0.5
ストライク,ピントレンズ,0.5
ストライク,ラムのみ,0.5
ストライク,あつぞこブーツ,0.4
ストライク,とつげきチョッキ,0.3
ストライク,ぎんのこな,0.1
ケンタロス(パルデア単),バンジのみ,25.9
ケンタロス(パルデア単),オボンのみ,24.8
ケンタロス(パルデア単),たべのこし,14.9
ケンタロス(パルデア単),こだわりスカーフ,5.7
ケンタロス(パルデア単),いのちのたま,5.7
ケンタロス(パルデア単),ものまねハーブ,4.6
ケンタロス(パルデア単),とつげきチョッキ,4.3
ケンタロス(パルデア単),フィラのみ,3.9
ケンタロス(パルデア単),くろおび,3.2
ケンタロス(パルデア単),ラムのみ,2.5
ケンタロス(パルデア炎),オボンのみ,20.5
ケンタロス(パルデア炎),だっしゅつパック,14.3
ケンタロス(パルデア炎),とつげきチョッキ,9.3
ケンタロス(パルデア炎),ものまねハーブ,8.9
ケンタロス(パルデア炎),いのちのたま,7.1
ケンタロス(パルデア炎),こだわりハチマキ,6.6
ケンタロス(パルデア炎),たつじんのおび,4.9
ケンタロス(パルデア炎),こだわりスカーフ,4.4
ケンタロス(パルデア炎),ゴツゴツメット,4.3
ケンタロス(パルデア炎),たべのこし,4.2
ケンタロス(パルデア水),たべのこし,25.7
ケンタロス(パルデア水),とつげきチョッキ,20.4
ケンタロス(パルデア水),オボンのみ,11.0
ケンタロス(パルデア水),こだわりハチマキ,10.4
ケンタロス(パルデア水),ゴツゴツメット,5.8
ケンタロス(パルデア水),いのちのたま,4.9
ケンタロス(パルデア水),ラムのみ,4.1
ケンタロス(パルデア水),きあいのタスキ,3.5
ケンタロス(パルデア水),こだわりスカーフ,2.3
ケンタロス(パルデア水),たつじんのおび,2.3
コイキング,かえんだま,83.3
コイキング,きあいのタスキ,16.7
ギャラドス,ゴツゴツメット,56.7
ギャラドス,ラムのみ,13.2
ギャラドス,オボンのみ,7.4
ギャラドス,いのちのたま,4.1
ギャラドス,たべのこし,3.7
ギャラドス,こだわりハチマキ,2.6
ギャラドス,たつじんのおび,2.0
ギャラドス,とつげきチョッキ,1.9
ギャラドス,ものまねハーブ,1.2
ギャラドス,カゴのみ,0.8
メタモン,こだわりスカーフ,63.1
メタモン,きあいのタスキ,13.4
メタモン,レッドカード,7.0
メタモン,せんせいのツメ,6.0
メタモン,ひかりのこな,3.0
メタモン,ものまねハーブ,2.7
メタモン,いのちのたま,1.3
メタモン,ラムのみ,0.4
メタモン,ハバンのみ,0.3
メタモン,ブーストエナジー,0.3
イーブイ,いのちのたま,27.3
イーブイ,きあいのタスキ,22.7
イーブイ,カムラのみ,18.2
イーブイ,こだわりハチマキ,13.6
イーブイ,ものまねハーブ,9.1
イーブイ,シルクのスカーフ,4.5
イーブイ,メトロノーム,4.5
シャワーズ,たべのこし,52.4
シャワーズ,オボンのみ,12.5
シャワーズ,とつげきチョッキ,11.8
シャワーズ,たつじんのおび,3.2
シャワーズ,こだわりメガネ,3.0
シャワーズ,おんみつマント,2.6
シャワーズ,カゴのみ,2.6
シャワーズ,ゴツゴツメット,2.5
シャワーズ,ラムのみ,1.5
シャワーズ,メンタルハーブ,1.2
サンダース,かえんだま,26.3
サンダース,こだわりメガネ,12.6
サンダース,ひかりのこな,11.6
サンダース,きあいのタスキ,11.2
サンダース,いのちのたま,8.1
サンダース,こだわりスカーフ,7.0
サンダース,オボンのみ,5.6
サンダース,たつじんのおび,5.0
サンダース,とつげきチョッキ,4.4
サンダース,ふうせん,1.9
ブースター,かえんだま,20.9
ブースター,とつげきチョッキ,20.6
ブースター,どくどくだま,19.1
ブースター,こだわりスカーフ,11.1
ブースター,オボンのみ,7.4
ブースター,たべのこし,5.9
ブースター,こだわりハチマキ,3.3
ブースター,あつぞこブーツ,2.3
ブースター,ふうせん,2.0
ブースター,きあいのタスキ,1.1
ハクリュー,しんかのきせき,100.0
カイリュー,こだわりハチマキ,36.5
カイリュー,ゴツゴツメット,22.2
カイリュー,ラムのみ,10.7
カイリュー,あつぞこブーツ,9.8
カイリュー,たべのこし,8.1
カイリュー,じゃくてんほけん,4.5
カイリュー,シルクのスカーフ,1.8
カイリュー,するどいくちばし,1.4
カイリュー,いのちのたま,1.3
カイリュー,ちからのハチマキ,0.6
ピチュー,きあいのタスキ,100.0
デンリュウ,カゴのみ,27.5
デンリュウ,とつげきチョッキ,13.8
デンリュウ,オボンのみ,12.9
デンリュウ,たべのこし,9.3
デンリュウ,いのちのたま,6.5
デンリュウ,ラムのみ,4.8
デンリュウ,からぶりほけん,4.5
デンリュウ,こだわりメガネ,3.9
デンリュウ,ひかりのねんど,3.8
デンリュウ,ゴツゴツメット,2.0
マリル,しんかのきせき,75.0
マリル,オボンのみ,25.0
マリルリ,とつげきチョッキ,59.7
マリルリ,オボンのみ,22.2
マリルリ,こだわりハチマキ,5.5
マリルリ,ラムのみ,4.3
マリルリ,いのちのたま,2.1
マリルリ,しんぴのしずく,1.3
マリルリ,ちからのハチマキ,0.8
マリルリ,ものまねハーブ,0.6
マリルリ,たべのこし,0.5
マリルリ,ゴツゴツメット,0.4
ウソッキー,じゃくてんほけん,17.8
ウソッキー,いのちのたま,14.5
ウソッキー,こだわりハチマキ,8.8
ウソッキー,ピントレンズ,8.6
ウソッキー,きあいのタスキ,8.1
ウソッキー,たつじんのおび,7.1
ウソッキー,チイラのみ,5.9
ウソッキー,あつぞこブーツ,5.8
ウソッキー,メンタルハーブ,2.8
ウソッキー,レッドカード,2.8
ポポッコ,しんかのきせき,98.9
ポポッコ,ゴツゴツメット,1.1
ワタッコ,ゴツゴツメット,21.3
ワタッコ,メンタルハーブ,17.1
ワタッコ,こうかくレンズ,10.9
ワタッコ,きあいのタスキ,9.4
ワタッコ,おんみつマント,8.6
ワタッコ,たべのこし,6.4
ワタッコ,こだわりスカーフ,3.8
ワタッコ,おおきなねっこ,3.4
ワタッコ,あついいわ,2.9
ワタッコ,じゃくてんほけん,2.7
ヒマナッツ,きあいのタスキ,100.0
キマワリ,いのちのたま,92.4
キマワリ,たつじんのおび,3.2
キマワリ,ものしりメガネ,2.3
キマワリ,きせきのタネ,0.6
キマワリ,たべのこし,0.6
キマワリ,フィラのみ,0.3
キマワリ,オボンのみ,0.3
キマワリ,きあいのタスキ,0.2
ウパー(パルデア),しんかのきせき,75.0
ウパー(パルデア),きあいのタスキ,25.0
エーフィ,こだわりメガネ,24.0
エーフィ,いのちのたま,15.7
エーフィ,こだわりスカーフ,14.7
エーフィ,きあいのタスキ,14.6
エーフィ,ひかりのねんど,8.2
エーフィ,たつじんのおび,6.0
エーフィ,とつげきチョッキ,3.0
エーフィ,おんみつマント,3.0
エーフィ,たべのこし,3.0
エーフィ,オボンのみ,0.9
ブラッキー,たべのこし,81.4
ブラッキー,ゴツゴツメット,13.1
ブラッキー,オボンのみ,1.7
ブラッキー,ひかりのねんど,1.2
ブラッキー,おんみつマント,0.6
ブラッキー,じゃくてんほけん,0.3
ブラッキー,ラムのみ,0.3
ブラッキー,メンタルハーブ,0.2
ブラッキー,レッドカード,0.2
ブラッキー,ぼうじんゴーグル,0.2
ヤミカラス,しんかのきせき,88.0
ヤミカラス,きあいのタスキ,7.0
ヤミカラス,だっしゅつボタン,3.2
ヤミカラス,チイラのみ,0.6
ヤミカラス,オボンのみ,0.3
ヤミカラス,ラムのみ,0.3
ヤミカラス,きあいのハチマキ,0.3
ヤミカラス,メンタルハーブ,0.3
ヤドキング,つめたいいわ,15.3
ヤドキング,オボンのみ,11.6
ヤドキング,こうこうのしっぽ,10.8
ヤドキング,たべのこし,10.7
ヤドキング,メンタルハーブ,8.6
ヤドキング,とつげきチョッキ,7.6
ヤドキング,こだわりメガネ,6.8
ヤドキング,きあいのタスキ,4.3
ヤドキング,ゴツゴツメット,3.2
ヤドキング,じゃくてんほけん,3.0
ムウマ,しんかのきせき,95.4
ムウマ,きあいのタスキ,2.4
ムウマ,こだわりスカーフ,2.3
キリンリキ,しんかのきせき,100.0
フォレトス,ゴツゴツメット,38.0
フォレトス,レッドカード,12.8
フォレトス,たべのこし,9.1
フォレトス,オボンのみ,9.0
フォレトス,メンタルハーブ,6.8
フォレトス,いかさまダイス,3.5
フォレトス,こだわりハチマキ,3.2
フォレトス,しめったいわ,2.8
フォレトス,ひかりのねんど,2.1
フォレトス,ノーマルジュエル,1.2
ノコッチ,しんかのきせき,99.9
ノコッチ,オボンのみ,0.1
ハリーセン,きあいのタスキ,49.2
ハリーセン,くろいヘドロ,20.2
ハリーセン,いのちのたま,10.7
ハリーセン,ゴツゴツメット,7.3
ハリーセン,ひかりのこな,2.4
ハリーセン,だっしゅつボタン,2.1
ハリーセン,ぼうじんゴーグル,2.1
ハリーセン,ラムのみ,1.8
ハリーセン,しんかのきせき,0.9
ハリーセン,カゴのみ,0.6
ハッサム,こだわりハチマキ,51.1
ハッサム,いのちのたま,13.0
ハッサム,オボンのみ,9.0
ハッサム,とつげきチョッキ,8.1
ハッサム,ラムのみ,5.4
ハッサム,メタルコート,2.2
ハッサム,きあいのタスキ,2.0
ハッサム,パンチグローブ,1.5
ハッサム,ゴツゴツメット,1.2
ハッサム,オッカのみ,1.1
ヘラクロス,かえんだま,51.6
ヘラクロス,いかさまダイス,35.8
ヘラクロス,こだわりスカーフ,5.5
ヘラクロス,きあいのタスキ,1.9
ヘラクロス,とつげきチョッキ,1.3
ヘラクロス,いのちのたま,1.1
ヘラクロス,カムラのみ,1.0
ヘラクロス,こだわりハチマキ,0.8
ヘラクロス,ものまねハーブ,0.2
ヘラクロス,たつじんのおび,0.2
ニューラ,きあいのタスキ,77.1
ニューラ,しんかのきせき,22.9
ヒメグマ,きあいのタスキ,93.8
ヒメグマ,きあいのハチマキ,6.3
リングマ,しんかのきせき,80.5
リングマ,かえんだま,18.8
リングマ,どくどくだま,0.4
リングマ,テラピースノーマル,0.1
リングマ,あまーいりんご,0.1
リングマ,きあいのタスキ,0.0
リングマ,やわらかいすな,0.0
リングマ,シルクのスカーフ,0.0
デリバード,きあいのタスキ,93.6
デリバード,こだわりハチマキ,4.2
デリバード,いのちのたま,1.3
デリバード,ものまねハーブ,0.5
デリバード,こだわりスカーフ,0.2
デリバード,せんせいのツメ,0.2
デルビル,きあいのタスキ,100.0
ヘルガー,きあいのタスキ,77.9
ヘルガー,こだわりスカーフ,8.1
ヘルガー,いのちのたま,3.5
ヘルガー,とつげきチョッキ,2.1
ヘルガー,こだわりメガネ,1.8
ヘルガー,たつじんのおび,1.4
ヘルガー,ラムのみ,0.9
ヘルガー,ものしりメガネ,0.7
ヘルガー,だっしゅつパック,0.7
ヘルガー,オボンのみ,0.6
ゴマゾウ,きあいのタスキ,72.9
ゴマゾウ,しんかのきせき,27.1
ドンファン,ゴツゴツメット,25.2
ドンファン,ラムのみ,15.2
ドンファン,チイラのみ,9.1
ドンファン,じゃくてんほけん,8.6
ドンファン,フィラのみ,5.7
ドンファン,たつじんのおび,5.7
ドンファン,レッドカード,5.6
ドンファン,オボンのみ,5.5
ドンファン,メンタルハーブ,5.2
ドンファン,カムラのみ,3.9
オドシシ,しんかのきせき,93.3
オドシシ,こだわりスカーフ,5.2
オドシシ,メンタルハーブ,1.5
ハピナス,たべのこし,18.4
ハピナス,かえんだま,17.4
ハピナス,どくバリ,10.9
ハピナス,おんみつマント,8.5
ハピナス,でんきだま,5.8
ハピナス,ウイのみ,5.3
ハピナス,たつじんのおび,5.2
ハピナス,クリアチャーム,4.2
ハピナス,オボンのみ,3.2
ハピナス,ものしりメガネ,3.0
ヨーギラス,かえんだま,100.0
サナギラス,しんかのきせき,80.0
サナギラス,こだわりメガネ,20.0
バンギラス,いかさまダイス,31.7
バンギラス,とつげきチョッキ,27.2
バンギラス,じゃくてんほけん,8.5
バンギラス,こだわりハチマキ,7.1
バンギラス,さらさらいわ,5.8
バンギラス,オボンのみ,4.5
バンギラス,たべのこし,2.5
バンギラス,たつじんのおび,2.1
バンギラス,きあいのタスキ,1.4
バンギラス,いのちのたま,1.3
ペリッパー,しめったいわ,41.8
ペリッパー,こだわりメガネ,16.8
ペリッパー,ゴツゴツメット,16.2
ペリッパー,だっしゅつボタン,7.1
ペリッパー,きあいのタスキ,5.6
ペリッパー,オボンのみ,3.4
ペリッパー,とつげきチョッキ,2.4
ペリッパー,ラムのみ,2.1
ペリッパー,こだわりスカーフ,1.3
ペリッパー,ぼうじんゴーグル,0.6
ラルトス,きあいのタスキ,100.0
キルリア,きあいのタスキ,93.3
キルリア,しんかのきせき,6.7
サーナイト,こだわりスカーフ,52.1
サーナイト,とつげきチョッキ,17.8
サーナイト,きあいのタスキ,12.5
サーナイト,こだわりメガネ,2.7
サーナイト,からぶりほけん,2.0
サーナイト,たべのこし,1.4
サーナイト,オボンのみ,1.0
サーナイト,たつじんのおび,0.9
サーナイト,ものしりメガネ,0.8
サーナイト,グランドコート,0.8
アメタマ,きあいのタスキ,75.0
アメタマ,しめったいわ,25.0
アメモース,きあいのタスキ,77.4
アメモース,メンタルハーブ,6.1
アメモース,オボンのみ,5.8
アメモース,ラムのみ,3.0
アメモース,あつぞこブーツ,0.9
アメモース,レッドカード,0.9
アメモース,ヤチェのみ,0.7
アメモース,こうかくレンズ,0.6
アメモース,じゃくてんほけん,0.5
アメモース,あついいわ,0.4
キノココ,どくどくだま,80.0
キノココ,しんかのきせき,20.0
キノガッサ,きあいのタスキ,87.7
キノガッサ,どくどくだま,4.9
キノガッサ,いかさまダイス,3.8
キノガッサ,こだわりハチマキ,0.9
キノガッサ,いのちのたま,0.8
キノガッサ,たつじんのおび,0.4
キノガッサ,パンチグローブ,0.2
キノガッサ,こだわりスカーフ,0.2
キノガッサ,せんせいのツメ,0.2
キノガッサ,きあいのハチマキ,0.1
ナマケロ,しんかのきせき,100.0
ヤルキモノ,しんかのきせき,98.8
ヤルキモノ,きあいのタスキ,1.2
ケッキング,こだわりハチマキ,69.2
ケッキング,ノーマルジュエル,10.7
ケッキング,いのちのたま,5.0
ケッキング,とつげきチョッキ,2.4
ケッキング,たべのこし,2.0
ケッキング,こうかくレンズ,1.8
ケッキング,こだわりスカーフ,1.8
ケッキング,オボンのみ,1.3
ケッキング,だっしゅつボタン,1.2
ケッキング,でんきだま,1.0
ハリテヤマ,かえんだま,61.8
ハリテヤマ,とつげきチョッキ,30.7
ハリテヤマ,オボンのみ,3.4
ハリテヤマ,いのちのたま,1.8
ハリテヤマ,パンチグローブ,0.7
ハリテヤマ,たべのこし,0.4
ハリテヤマ,たつじんのおび,0.3
ハリテヤマ,こだわりハチマキ,0.2
ハリテヤマ,ちからのハチマキ,0.1
ハリテヤマ,フィラのみ,0.1
ルリリ,どくどくだま,100.0
ヤミラミ,たべのこし,32.7
ヤミラミ,ひかりのねんど,20.7
ヤミラミ,ゴツゴツメット,14.6
ヤミラミ,きあいのタスキ,13.8
ヤミラミ,こうこうのしっぽ,4.6
ヤミラミ,オボンのみ,3.5
ヤミラミ,こうかくレンズ,1.6
ヤミラミ,だっしゅつボタン,1.0
ヤミラミ,おんみつマント,1.0
ヤミラミ,ふうせん,0.9
アサナン,いのちのたま,83.3
アサナン,きあいのタスキ,16.7
チャーレム,きあいのタスキ,40.2
チャーレム,こだわりスカーフ,34.6
チャーレム,いのちのたま,13.8
チャーレム,こだわりハチマキ,2.8
チャーレム,とつげきチョッキ,2.0
チャーレム,くろいてっきゅう,2.0
チャーレム,パンチグローブ,1.1
チャーレム,ラムのみ,0.8
チャーレム,たつじんのおび,0.8
チャーレム,こうかくレンズ,0.3
ゴクリン,しんかのきせき,100.0
マルノーム,くろいヘドロ,43.1
マルノーム,リュガのみ,21.9
マルノーム,たべのこし,8.2
マルノーム,バンジのみ,7.8
マルノーム,ゴツゴツメット,4.4
マルノーム,オボンのみ,3.2
マルノーム,メンタルハーブ,2.0
マルノーム,フィラのみ,2.0
マルノーム,ぼうじんゴーグル,1.8
マルノーム,ヤタピのみ,1.8
ドンメル,しんかのきせき,86.4
ドンメル,きあいのタスキ,13.6
バクーダ,とつげきチョッキ,40.8
バクーダ,こだわりメガネ,14.1
バクーダ,オボンのみ,12.1
バクーダ,たつじんのおび,5.3
バクーダ,じゃくてんほけん,4.9
バクーダ,たべのこし,4.2
バクーダ,ゴツゴツメット,2.3
バクーダ,もくたん,2.3
バクーダ,きあいのタスキ,1.7
バクーダ,いのちのたま,1.7
コータス,だっしゅつパック,56.7
コータス,あついいわ,13.4
コータス,こだわりメガネ,13.2
コータス,オボンのみ,6.4
コータス,だっしゅつボタン,3.9
コータス,もくたん,1.7
コータス,いのちのたま,0.9
コータス,メンタルハーブ,0.6
コータス,ゴツゴツメット,0.6
コータス,とつげきチョッキ,0.6
バネブー,しんかのきせき,100.0
ブーピッグ,とつげきチョッキ,33.1
ブーピッグ,たべのこし,26.0
ブーピッグ,こだわりメガネ,7.1
ブーピッグ,たつじんのおび,6.5
ブーピッグ,ラムのみ,5.8
ブーピッグ,カゴのみ,5.2
ブーピッグ,メンタルハーブ,4.5
ブーピッグ,いのちのたま,2.6
ブーピッグ,オボンのみ,1.9
ブーピッグ,ウイのみ,1.9
サボネア,きあいのタスキ,100.0
ノクタス,きあいのタスキ,41.2
ノクタス,いのちのたま,30.1
ノクタス,とつげきチョッキ,11.1
ノクタス,ひかりのこな,3.3
ノクタス,ゴツゴツメット,2.3
ノクタス,たべのこし,2.0
ノクタス,バンジのみ,1.8
ノクタス,たつじんのおび,1.5
ノクタス,いかさまダイス,1.4
ノクタス,ヤチェのみ,1.0
チルット,しんかのきせき,75.0
チルット,きあいのタスキ,25.0
チルタリス,ゴツゴツメット,27.9
チルタリス,たべのこし,27.1
チルタリス,オボンのみ,14.3
チルタリス,おんみつマント,5.0
チルタリス,ねばりのかぎづめ,3.8
チルタリス,ぼうじんゴーグル,2.9
チルタリス,こうかくレンズ,2.8
チルタリス,カゴのみ,2.8
チルタリス,ラムのみ,2.0
チルタリス,メンタルハーブ,1.6
ザングース,どくどくだま,46.3
ザングース,こだわりスカーフ,32.1
ザングース,オボンのみ,12.6
ザングース,きあいのタスキ,6.1
ザングース,カムラのみ,2.3
ザングース,こうこうのしっぽ,0.1
ザングース,メンタルハーブ,0.1
ザングース,ラムのみ,0.1
ザングース,ものまねハーブ,0.1
ハブネーク,こだわりスカーフ,68.6
ハブネーク,きあいのタスキ,12.9
ハブネーク,どくバリ,4.2
ハブネーク,せんせいのツメ,3.8
ハブネーク,やわらかいすな,3.1
ハブネーク,オボンのみ,2.1
ハブネーク,くろいヘドロ,2.1
ハブネーク,ふうせん,1.7
ハブネーク,あつぞこブーツ,0.7
ハブネーク,たべのこし,0.3
ドジョッチ,きあいのタスキ,100.0
ナマズン,きあいのタスキ,19.9
ナマズン,オボンのみ,19.0
ナマズン,とつげきチョッキ,13.9
ナマズン,とけないこおり,8.8
ナマズン,おんみつマント,6.8
ナマズン,いのちのたま,6.5
ナマズン,たべのこし,6.1
ナマズン,リンドのみ,4.8
ナマズン,カゴのみ,2.5
ナマズン,ラムのみ,2.3
ジュペッタ,きあいのタスキ,62.4
ジュペッタ,こだわりスカーフ,12.9
ジュペッタ,とつげきチョッキ,7.2
ジュペッタ,いのちのたま,6.1
ジュペッタ,くろいメガネ,3.1
ジュペッタ,たつじんのおび,3.0
ジュペッタ,メンタルハーブ,1.1
ジュペッタ,カシブのみ,0.8
ジュペッタ,ぼうごパット,0.8
ジュペッタ,こだわりハチマキ,0.8
トロピウス,オボンのみ,94.2
トロピウス,カゴのみ,2.3
トロピウス,いのちのたま,1.7
トロピウス,ズアのみ,0.6
トロピウス,ラムのみ,0.5
トロピウス,マゴのみ,0.2
トロピウス,スターのみ,0.2
トロピウス,イアのみ,0.2
トロピウス,バンジのみ,0.1
オニゴーリ,たべのこし,98.3
オニゴーリ,ひかりのこな,0.6
オニゴーリ,オボンのみ,0.5
オニゴーリ,くろいヘドロ,0.2
オニゴーリ,こうかくレンズ,0.1
オニゴーリ,こだわりスカーフ,0.1
オニゴーリ,こだわりメガネ,0.0
オニゴーリ,フィラのみ,0.0
オニゴーリ,じゃくてんほけん,0.0
オニゴーリ,ぼうじんゴーグル,0.0
ラブカス,たつじんのおび,57.9
ラブカス,きあいのタスキ,15.8
ラブカス,しめったいわ,10.5
ラブカス,たべのこし,5.3
ラブカス,つめたいいわ,5.3
ラブカス,しんぴのしずく,5.3
コモルー,しんかのきせき,72.1
コモルー,ふうせん,27.9
ボーマンダ,いのちのたま,25.9
ボーマンダ,ラムのみ,24.7
ボーマンダ,こだわりスカーフ,18.4
ボーマンダ,こだわりメガネ,12.1
ボーマンダ,ゴツゴツメット,3.3
ボーマンダ,たべのこし,1.7
ボーマンダ,とつげきチョッキ,1.6
ボーマンダ,こだわりハチマキ,1.6
ボーマンダ,きあいのタスキ,1.2
ボーマンダ,オボンのみ,1.0
ムックル,きあいのタスキ,100.0
ムクバード,きあいのタスキ,100.0
ムクホーク,こだわりスカーフ,82.9
ムクホーク,こだわりハチマキ,7.2
ムクホーク,きあいのタスキ,3.2
ムクホーク,いのちのたま,2.5
ムクホーク,するどいくちばし,0.6
ムクホーク,あつぞこブーツ,0.6
ムクホーク,オボンのみ,0.5
ムクホーク,ものまねハーブ,0.4
ムクホーク,だっしゅつパック,0.4
ムクホーク,とつげきチョッキ,0.4
コロトック,からぶりほけん,44.8
コロトック,きあいのタスキ,39.7
コロトック,ゴツゴツメット,5.2
コロトック,こだわりスカーフ,3.4
コロトック,メンタルハーブ,2.3
コロトック,せんせいのツメ,1.7
コロトック,オボンのみ,1.7
コロトック,こだわりハチマキ,0.6
コロトック,いのちのたま,0.6
レントラー,ゴツゴツメット,21.4
レントラー,オボンのみ,21.1
レントラー,かえんだま,16.1
レントラー,だっしゅつボタン,12.0
レントラー,とつげきチョッキ,5.4
レントラー,グランドコート,5.4
レントラー,たべのこし,3.7
レントラー,ふうせん,2.8
レントラー,いのちのたま,2.8
レントラー,シュカのみ,2.2
ミツハニー,ひかりのこな,66.7
ミツハニー,ぎんのこな,33.3
ビークイン,たべのこし,39.2
ビークイン,ゴツゴツメット,10.7
ビークイン,サイコシード,10.1
ビークイン,じゃくてんほけん,7.1
ビークイン,オボンのみ,5.9
ビークイン,メンタルハーブ,5.6
ビークイン,するどいツメ,4.2
ビークイン,おんみつマント,3.0
ビークイン,きあいのタスキ,2.7
ビークイン,こだわりメガネ,2.1
パチリス,オボンのみ,18.9
パチリス,シュカのみ,18.7
パチリス,とつげきチョッキ,17.4
パチリス,フィラのみ,17.0
パチリス,ふうせん,7.2
パチリス,きあいのタスキ,5.2
パチリス,たべのこし,4.6
パチリス,ひかりのねんど,2.7
パチリス,おうじゃのしるし,2.1
パチリス,レッドカード,1.4
ブイゼル,こだわりハチマキ,100.0
フローゼル,こだわりハチマキ,87.3
フローゼル,いのちのたま,8.4
フローゼル,しんぴのしずく,2.1
フローゼル,ちからのハチマキ,0.9
フローゼル,とつげきチョッキ,0.2
フローゼル,こだわりスカーフ,0.2
フローゼル,きあいのタスキ,0.1
フローゼル,かいがらのすず,0.1
フローゼル,こうかくレンズ,0.1
フローゼル,ラムのみ,0.1
カラナクシ,しんかのきせき,98.0
カラナクシ,きあいのタスキ,2.0
トリトドン,たべのこし,28.1
トリトドン,オボンのみ,13.1
トリトドン,おんみつマント,12.5
トリトドン,とつげきチョッキ,9.0
トリトドン,ゴツゴツメット,8.1
トリトドン,きあいのタスキ,8.0
トリトドン,こだわりメガネ,4.6
トリトドン,いのちのたま,2.8
トリトドン,たつじんのおび,2.7
トリトドン,メンタルハーブ,2.7
フワンテ,きあいのタスキ,100.0
フワライド,サイコシード,26.1
フワライド,オボンのみ,20.9
フワライド,エレキシード,7.7
フワライド,グラスシード,6.9
フワライド,からぶりほけん,6.4
フワライド,メンタルハーブ,4.8
フワライド,じゃくてんほけん,4.6
フワライド,かえんだま,4.6
フワライド,きあいのタスキ,3.2
フワライド,レッドカード,2.9
ムウマージ,きあいのタスキ,38.4
ムウマージ,のろいのおふだ,14.1
ムウマージ,こだわりスカーフ,10.0
ムウマージ,オボンのみ,6.4
ムウマージ,こだわりメガネ,6.4
ムウマージ,いのちのたま,4.9
ムウマージ,カシブのみ,3.5
ムウマージ,たべのこし,3.0
ムウマージ,たつじんのおび,2.7
ムウマージ,あついいわ,2.3
ドンカラス,きあいのタスキ,64.3
ドンカラス,ピントレンズ,10.7
ドンカラス,するどいツメ,7.0
ドンカラス,とつげきチョッキ,3.6
ドンカラス,こだわりスカーフ,2.5
ドンカラス,レッドカード,2.3
ドンカラス,いのちのたま,1.4
ドンカラス,たつじんのおび,1.2
ドンカラス,くろいメガネ,1.1
ドンカラス,こだわりハチマキ,1.0
スカタンク,とつげきチョッキ,43.7
スカタンク,オボンのみ,16.0
スカタンク,ゴツゴツメット,15.9
スカタンク,ノーマルジュエル,7.8
スカタンク,ふうせん,3.7
スカタンク,たべのこし,3.4
スカタンク,くろいヘドロ,2.1
スカタンク,フィラのみ,2.0
スカタンク,こだわりスカーフ,1.8
スカタンク,カムラのみ,1.2
ドーミラー,しんかのきせき,85.2
ドーミラー,あついいわ,7.4
ドーミラー,しめったいわ,7.4
ドータクン,たべのこし,13.9
ドータクン,こうこうのしっぽ,13.0
ドータクン,じゃくてんほけん,11.8
ドータクン,メンタルハーブ,9.6
ドータクン,ゴツゴツメット,7.1
ドータクン,オボンのみ,7.0
ドータクン,こだわりハチマキ,4.2
ドータクン,ふうせん,4.0
ドータクン,ひかりのねんど,3.4
ドータクン,いかさまダイス,2.6
ウソハチ,オボンのみ,50.0
ウソハチ,ゴツゴツメット,25.0
ウソハチ,じゃくてんほけん,25.0
ミカルゲ,メンタルハーブ,32.0
ミカルゲ,オボンのみ,13.3
ミカルゲ,こうこうのしっぽ,10.9
ミカルゲ,たべのこし,9.8
ミカルゲ,ロゼルのみ,9.4
ミカルゲ,きあいのタスキ,3.9
ミカルゲ,ゴツゴツメット,2.9
ミカルゲ,とつげきチョッキ,2.3
ミカルゲ,ひかりのこな,1.6
ミカルゲ,こうかくレンズ,1.4
ガブリアス,きあいのタスキ,17.0
ガブリアス,こだわりスカーフ,16.5
ガブリアス,こだわりハチマキ,13.9
ガブリアス,ゴツゴツメット,12.9
ガブリアス,ラムのみ,10.6
ガブリアス,オボンのみ,9.3
ガブリアス,いのちのたま,4.9
ガブリアス,レッドカード,3.1
ガブリアス,とつげきチョッキ,3.1
ガブリアス,おんみつマント,2.2
リオル,きあいのタスキ,78.1
リオル,ぼうごパット,20.3
リオル,こうこうのしっぽ,1.6
ルカリオ,きあいのタスキ,43.0
ルカリオ,いのちのたま,30.4
ルカリオ,とつげきチョッキ,5.6
ルカリオ,たつじんのおび,4.9
ルカリオ,こだわりスカーフ,4.1
ルカリオ,こだわりメガネ,3.7
ルカリオ,ふうせん,1.5
ルカリオ,こだわりハチマキ,1.2
ルカリオ,ものしりメガネ,0.6
ルカリオ,パンチグローブ,0.5
ヒポポタス,きあいのタスキ,100.0
カバルドン,オボンのみ,66.5
カバルドン,ゴツゴツメット,8.2
カバルドン,さらさらいわ,7.5
カバルドン,メンタルハーブ,6.7
カバルドン,たべのこし,5.5
カバルドン,フィラのみ,1.7
カバルドン,とつげきチョッキ,1.0
カバルドン,こだわりハチマキ,0.5
カバルドン,レッドカード,0.4
カバルドン,いのちのたま,0.4
グレッグル,きあいのタスキ,100.0
ドクロッグ,きあいのタスキ,31.3
ドクロッグ,とつげきチョッキ,12.9
ドクロッグ,いのちのたま,11.7
ドクロッグ,オボンのみ,11.1
ドクロッグ,ふうせん,7.7
ドクロッグ,くろいヘドロ,5.5
ドクロッグ,たべのこし,2.9
ドクロッグ,こだわりスカーフ,2.9
ドクロッグ,きあいのハチマキ,1.7
ドクロッグ,ものまねハーブ,1.6
ネオラント,きあいのタスキ,29.9
ネオラント,たべのこし,27.8
ネオラント,しめったいわ,16.5
ネオラント,ひかりのこな,7.2
ネオラント,たつじんのおび,5.2
ネオラント,しめつけバンド,4.1
ネオラント,いのちのたま,3.1
ネオラント,こだわりスカーフ,3.1
ネオラント,リンドのみ,1.0
ネオラント,おんみつマント,1.0
ユキノオー,ひかりのねんど,47.0
ユキノオー,きあいのタスキ,9.7
ユキノオー,たべのこし,9.1
ユキノオー,つめたいいわ,7.6
ユキノオー,ゴツゴツメット,6.2
ユキノオー,だっしゅつパック,5.9
ユキノオー,とつげきチョッキ,5.5
ユキノオー,たつじんのおび,1.7
ユキノオー,こだわりメガネ,1.3
ユキノオー,いのちのたま,0.9
マニューラ,きあいのタスキ,45.8
マニューラ,いのちのたま,37.5
マニューラ,こだわりハチマキ,3.8
マニューラ,でかいきんのたま,2.0
マニューラ,こだわりスカーフ,1.7
マニューラ,でんきだま,1.6
マニューラ,とつげきチョッキ,1.2
マニューラ,たべのこし,1.0
マニューラ,たつじんのおび,0.8
マニューラ,チイラのみ,0.8
ジバコイル,とつげきチョッキ,46.7
ジバコイル,こだわりメガネ,32.9
ジバコイル,ふうせん,7.3
ジバコイル,じゃくてんほけん,5.1
ジバコイル,たべのこし,1.2
ジバコイル,オボンのみ,0.8
ジバコイル,ゴツゴツメット,0.6
ジバコイル,あつぞこブーツ,0.5
ジバコイル,じしゃく,0.5
ジバコイル,こだわりスカーフ,0.4
リーフィア,ゴツゴツメット,52.2
リーフィア,いのちのたま,15.7
リーフィア,たべのこし,10.3
リーフィア,いかさまダイス,4.2
リーフィア,あついいわ,3.6
リーフィア,ピントレンズ,2.7
リーフィア,きあいのタスキ,1.6
リーフィア,オボンのみ,1.5
リーフィア,ラムのみ,1.1
リーフィア,するどいツメ,0.9
グレイシア,とつげきチョッキ,35.5
グレイシア,きあいのタスキ,14.1
グレイシア,オボンのみ,6.2
グレイシア,ひかりのこな,5.5
グレイシア,ラムのみ,5.4
グレイシア,たべのこし,5.1
グレイシア,たつじんのおび,5.1
グレイシア,ゴツゴツメット,4.9
グレイシア,こだわりメガネ,4.9
グレイシア,いのちのたま,4.7
エルレイド,こだわりスカーフ,30.4
エルレイド,とつげきチョッキ,19.0
エルレイド,ピントレンズ,16.4
エルレイド,きあいのタスキ,15.2
エルレイド,たつじんのおび,3.8
エルレイド,いのちのたま,3.2
エルレイド,こだわりハチマキ,2.2
エルレイド,するどいツメ,2.2
エルレイド,くろおび,2.0
エルレイド,からぶりほけん,1.1
ユキメノコ,きあいのタスキ,73.2
ユキメノコ,こだわりスカーフ,9.3
ユキメノコ,ひかりのねんど,5.3
ユキメノコ,ひかりのこな,3.3
ユキメノコ,こだわりメガネ,2.2
ユキメノコ,ぼうじんゴーグル,1.1
ユキメノコ,ヨロギのみ,0.8
ユキメノコ,いのちのたま,0.6
ユキメノコ,メンタルハーブ,0.6
ユキメノコ,くろいヘドロ,0.4
ロトム,きあいのタスキ,25.3
ロトム,こだわりスカーフ,24.0
ロトム,こだわりメガネ,23.7
ロトム,たべのこし,17.3
ロトム,オボンのみ,3.2
ロトム,カムラのみ,2.9
ロトム,ひかりのねんど,1.0
ロトム,フィラのみ,0.6
ロトム,カゴのみ,0.6
ロトム,ゴツゴツメット,0.3
ヒートロトム,オボンのみ,28.4
ヒートロトム,こだわりスカーフ,23.8
ヒートロトム,こだわりメガネ,18.5
ヒートロトム,とつげきチョッキ,8.6
ヒートロトム,ゴツゴツメット,5.6
ヒートロトム,かえんだま,5.3
ヒートロトム,たべのこし,3.4
ヒートロトム,だっしゅつパック,1.2
ヒートロトム,こうこうのしっぽ,0.6
ヒートロトム,フィラのみ,0.4
ウォッシュロトム,こだわりメガネ,41.1
ウォッシュロトム,こだわりスカーフ,23.4
ウォッシュロトム,オボンのみ,14.4
ウォッシュロトム,とつげきチョッキ,11.5
ウォッシュロトム,たべのこし,2.5
ウォッシュロトム,ゴツゴツメット,1.2
ウォッシュロトム,おんみつマント,1.0
ウォッシュロトム,たつじんのおび,0.9
ウォッシュロトム,こうかくレンズ,0.7
ウォッシュロトム,ひかりのねんど,0.6
フロストロトム,こだわりスカーフ,51.1
フロストロトム,こだわりメガネ,14.1
フロストロトム,とつげきチョッキ,10.0
フロストロトム,オボンのみ,6.5
フロストロトム,こうこうのしっぽ,4.7
フロストロトム,こうかくレンズ,4.0
フロストロトム,たべのこし,2.1
フロストロトム,からぶりほけん,2.0
フロストロトム,カゴのみ,1.3
フロストロトム,ひかりのねんど,1.1
スピンロトム,こだわりスカーフ,36.6
スピンロトム,たべのこし,20.3
スピンロトム,こだわりメガネ,15.6
スピンロトム,しんかのきせき,6.1
スピンロトム,とつげきチョッキ,5.6
スピンロトム,ぼうじんゴーグル,2.6
スピンロトム,ゴツゴツメット,2.2
スピンロトム,レッドカード,1.5
スピンロトム,おうじゃのしるし,1.5
スピンロトム,ものしりメガネ,1.1
カットロトム,こだわりメガネ,49.9
カットロトム,こだわりスカーフ,23.1
カットロトム,オボンのみ,6.1
カットロトム,とつげきチョッキ,5.6
カットロトム,たつじんのおび,4.7
カットロトム,だっしゅつパック,3.7
カットロトム,おんみつマント,1.5
カットロトム,ものしりメガネ,1.1
カットロトム,こうかくレンズ,0.8
カットロトム,たべのこし,0.7
チュリネ,しんかのきせき,100.0
ドレディア,いのちのたま,45.9
ドレディア,たべのこし,9.6
ドレディア,きあいのタスキ,7.2
ドレディア,ゴツゴツメット,6.2
ドレディア,あついいわ,4.1
ドレディア,オボンのみ,3.9
ドレディア,フィラのみ,3.6
ドレディア,こうかくレンズ,3.2
ドレディア,ラムのみ,2.9
ドレディア,おんみつマント,2.7
バスラオ(赤),こだわりスカーフ,64.0
バスラオ(赤),きあいのタスキ,15.8
バスラオ(赤),こだわりハチマキ,12.9
バスラオ(赤),いのちのたま,3.6
バスラオ(赤),とつげきチョッキ,2.9
バスラオ(赤),しんぴのしずく,0.7
バスラオ(青),きあいのタスキ,45.5
バスラオ(青),いのちのたま,17.9
バスラオ(青),こだわりハチマキ,17.9
バスラオ(青),こだわりスカーフ,8.9
バスラオ(青),ひかりのこな,8.9
バスラオ(青),しんかのきせき,0.9
ワルビアル,こだわりスカーフ,24.5
ワルビアル,でんきだま,20.3
ワルビアル,きあいのタスキ,15.2
ワルビアル,とつげきチョッキ,6.0
ワルビアル,いのちのたま,4.8
ワルビアル,ラムのみ,4.5
ワルビアル,じゃくてんほけん,3.9
ワルビアル,ゴツゴツメット,3.6
ワルビアル,こだわりハチマキ,3.4
ワルビアル,オボンのみ,2.7
ゾロア,ぼうじんゴーグル,44.0
ゾロア,きあいのタスキ,43.3
ゾロア,しんかのきせき,12.7
ゾロアーク,こだわりスカーフ,42.0
ゾロアーク,きあいのタスキ,31.1
ゾロアーク,こだわりメガネ,11.2
ゾロアーク,いのちのたま,5.3
ゾロアーク,ふうせん,2.4
ゾロアーク,こだわりハチマキ,2.0
ゾロアーク,くろいメガネ,0.8
ゾロアーク,レッドカード,0.7
ゾロアーク,ひかりのこな,0.5
ゾロアーク,たつじんのおび,0.5
ゴチミル,しんかのきせき,89.2
ゴチミル,たべのこし,10.8
ゴチルゼル,たべのこし,29.4
ゴチルゼル,こだわりスカーフ,24.6
ゴチルゼル,カゴのみ,11.4
ゴチルゼル,ぼうじんゴーグル,8.1
ゴチルゼル,おんみつマント,7.3
ゴチルゼル,こだわりメガネ,4.3
ゴチルゼル,オボンのみ,4.2
ゴチルゼル,ラムのみ,2.1
ゴチルゼル,とつげきチョッキ,1.1
ゴチルゼル,ゴツゴツメット,0.8
シキジカ,しんかのきせき,100.0
メブキジカ,いのちのたま,20.5
メブキジカ,こだわりスカーフ,18.9
メブキジカ,おうじゃのしるし,15.3
メブキジカ,きあいのタスキ,13.9
メブキジカ,たべのこし,7.5
メブキジカ,オボンのみ,5.9
メブキジカ,とつげきチョッキ,3.2
メブキジカ,こだわりハチマキ,3.0
メブキジカ,ひかりのこな,1.8
メブキジカ,こうかくレンズ,1.8
モロバレル,くろいヘドロ,55.8
モロバレル,だっしゅつパック,9.8
モロバレル,たべのこし,8.1
モロバレル,とつげきチョッキ,7.5
モロバレル,ゴツゴツメット,7.1
モロバレル,いのちのたま,4.4
モロバレル,オボンのみ,2.0
モロバレル,こだわりメガネ,0.9
モロバレル,メンタルハーブ,0.8
モロバレル,だっしゅつボタン,0.8
ママンボウ,ゴツゴツメット,45.6
ママンボウ,たべのこし,26.3
ママンボウ,オボンのみ,12.0
ママンボウ,きあいのタスキ,3.5
ママンボウ,おんみつマント,3.4
ママンボウ,しめつけバンド,3.1
ママンボウ,とつげきチョッキ,2.7
ママンボウ,いのちのたま,1.4
ママンボウ,フィラのみ,0.6
ママンボウ,メンタルハーブ,0.5
シビビール,しんかのきせき,100.0
シビルドン,とつげきチョッキ,28.4
シビルドン,たつじんのおび,16.5
シビルドン,たべのこし,14.8
シビルドン,いのちのたま,11.2
シビルドン,オボンのみ,6.5
シビルドン,ゴツゴツメット,5.8
シビルドン,からぶりほけん,3.0
シビルドン,ラムのみ,1.6
シビルドン,おんみつマント,1.3
シビルドン,こだわりメガネ,1.2
キバゴ,きあいのタスキ,100.0
オノンド,いのちのたま,70.7
オノンド,しんかのきせき,15.5
オノンド,ラムのみ,6.9
オノンド,きあいのタスキ,5.2
オノンド,オボンのみ,1.7
オノノクス,ラムのみ,42.2
オノノクス,いのちのたま,15.9
オノノクス,こだわりスカーフ,14.4
オノノクス,きあいのタスキ,13.6
オノノクス,こだわりハチマキ,3.9
オノノクス,たつじんのおび,2.8
オノノクス,ものまねハーブ,1.3
オノノクス,とつげきチョッキ,0.8
オノノクス,オボンのみ,0.8
オノノクス,ちからのハチマキ,0.6
クマシュン,しんかのきせき,100.0
ツンベアー,いのちのたま,47.6
ツンベアー,とつげきチョッキ,15.8
ツンベアー,じゃくてんほけん,7.8
ツンベアー,こだわりスカーフ,5.0
ツンベアー,きあいのタスキ,4.3
ツンベアー,こうかくレンズ,3.7
ツンベアー,ラムのみ,3.1
ツンベアー,たつじんのおび,2.3
ツンベアー,こだわりハチマキ,1.9
ツンベアー,ゴツゴツメット,1.4
フリージオ,たべのこし,21.7
フリージオ,ズアのみ,19.2
フリージオ,とつげきチョッキ,8.6
フリージオ,ひかりのねんど,6.6
フリージオ,きあいのタスキ,6.5
フリージオ,ゴツゴツメット,4.9
フリージオ,オボンのみ,4.6
フリージオ,おんみつマント,3.3
フリージオ,とけないこおり,2.9
フリージオ,あつぞこブーツ,2.2
コマタナ,きあいのタスキ,100.0
キリキザン,しんかのきせき,96.8
キリキザン,きあいのタスキ,1.6
キリキザン,とつげきチョッキ,0.6
キリキザン,ふうせん,0.5
キリキザン,こだわりスカーフ,0.2
キリキザン,いのちのたま,0.1
キリキザン,オボンのみ,0.0
キリキザン,でんきだま,0.0
キリキザン,たべのこし,0.0
キリキザン,フィラのみ,0.0
ワシボン,こだわりハチマキ,50.0
ワシボン,いのちのたま,50.0
ウォーグル,いのちのたま,43.2
ウォーグル,パワフルハーブ,18.8
ウォーグル,こだわりスカーフ,16.4
ウォーグル,オボンのみ,12.9
ウォーグル,ちからのハチマキ,5.7
ウォーグル,ラムのみ,1.3
ウォーグル,あつぞこブーツ,0.6
ウォーグル,こだわりハチマキ,0.3
ウォーグル,おうじゃのしるし,0.3
ウォーグル,きあいのタスキ,0.2
ジヘッド,しんかのきせき,46.2
ジヘッド,こだわりスカーフ,30.8
ジヘッド,いのちのたま,23.1
サザンドラ,こだわりメガネ,27.3
サザンドラ,こだわりスカーフ,20.9
サザンドラ,いのちのたま,12.1
サザンドラ,たべのこし,10.1
サザンドラ,きあいのタスキ,9.4
サザンドラ,とつげきチョッキ,4.3
サザンドラ,オボンのみ,3.0
サザンドラ,たつじんのおび,1.9
サザンドラ,ラムのみ,1.6
サザンドラ,ものしりメガネ,1.5
メラルバ,オボンのみ,60.0
メラルバ,しんかのきせき,35.0
メラルバ,いのちのたま,5.0
ウルガモス,あつぞこブーツ,43.7
ウルガモス,オボンのみ,23.0
ウルガモス,ラムのみ,11.3
ウルガモス,たべのこし,4.3
ウルガモス,こだわりメガネ,3.8
ウルガモス,きあいのタスキ,2.9
ウルガモス,いのちのたま,2.5
ウルガモス,おんみつマント,1.4
ウルガモス,ゴツゴツメット,1.3
ウルガモス,こだわりスカーフ,0.8
ヤヤコマ,きあいのタスキ,100.0
ヒノヤコマ,ひかりのこな,100.0
ファイアロー,ゴツゴツメット,26.4
ファイアロー,こだわりハチマキ,26.2
ファイアロー,あつぞこブーツ,10.7
ファイアロー,こだわりメガネ,6.5
ファイアロー,いのちのたま,4.2
ファイアロー,だっしゅつボタン,3.9
ファイアロー,するどいくちばし,3.5
ファイアロー,きあいのタスキ,3.2
ファイアロー,オボンのみ,3.0
ファイアロー,たべのこし,2.6
ビビヨン,たべのこし,75.1
ビビヨン,きあいのタスキ,16.4
ビビヨン,あつぞこブーツ,2.2
ビビヨン,こうかくレンズ,2.0
ビビヨン,ひかりのこな,1.1
ビビヨン,オボンのみ,0.7
ビビヨン,するどいくちばし,0.6
ビビヨン,ものしりメガネ,0.6
ビビヨン,せんせいのツメ,0.2
ビビヨン,かいがらのすず,0.2
シシコ,きあいのタスキ,100.0
カエンジシ,きあいのタスキ,19.0
カエンジシ,いのちのたま,11.9
カエンジシ,こだわりメガネ,11.7
カエンジシ,ゴツゴツメット,11.3
カエンジシ,のどスプレー,7.5
カエンジシ,ふうせん,5.6
カエンジシ,こだわりスカーフ,5.0
カエンジシ,たべのこし,4.9
カエンジシ,とつげきチョッキ,4.7
カエンジシ,オボンのみ,3.9
フラエッテ,しんかのきせき,100.0
フラージェス,たべのこし,24.2
フラージェス,とつげきチョッキ,16.6
フラージェス,こだわりメガネ,13.2
フラージェス,おんみつマント,12.7
フラージェス,ラムのみ,6.4
フラージェス,オボンのみ,6.3
フラージェス,こだわりスカーフ,4.8
フラージェス,こうこうのしっぽ,4.7
フラージェス,ゴツゴツメット,1.6
フラージェス,いのちのたま,1.4
メェークル,しんかのきせき,100.0
ゴーゴート,ラムのみ,27.2
ゴーゴート,こだわりメガネ,19.0
ゴーゴート,オボンのみ,9.6
ゴーゴート,とつげきチョッキ,9.2
ゴーゴート,たべのこし,5.8
ゴーゴート,ゴツゴツメット,4.1
ゴーゴート,いのちのたま,3.9
ゴーゴート,おおきなねっこ,3.5
ゴーゴート,グラスシード,2.7
ゴーゴート,じゃくてんほけん,2.4
クズモー,こだわりメガネ,85.7
クズモー,いのちのたま,14.3
ドラミドロ,とつげきチョッキ,38.2
ドラミドロ,こだわりメガネ,33.3
ドラミドロ,いのちのたま,10.2
ドラミドロ,くろいヘドロ,5.3
ドラミドロ,オボンのみ,3.1
ドラミドロ,こうかくレンズ,1.5
ドラミドロ,たつじんのおび,1.1
ドラミドロ,たべのこし,1.0
ドラミドロ,りゅうのキバ,0.9
ドラミドロ,こだわりスカーフ,0.8
ブロスター,とつげきチョッキ,71.2
ブロスター,こだわりメガネ,10.1
ブロスター,いのちのたま,4.5
ブロスター,たつじんのおび,4.1
ブロスター,ものしりメガネ,2.9
ブロスター,オボンのみ,1.8
ブロスター,きあいのタスキ,1.5
ブロスター,おんみつマント,1.1
ブロスター,こだわりスカーフ,1.0
ブロスター,せんせいのツメ,0.4
ニンフィア,とつげきチョッキ,47.4
ニンフィア,たべのこし,17.8
ニンフィア,こだわりメガネ,8.3
ニンフィア,オボンのみ,8.2
ニンフィア,のどスプレー,7.2
ニンフィア,ゴツゴツメット,2.2
ニンフィア,いのちのたま,1.9
ニンフィア,ものしりメガネ,1.4
ニンフィア,ラムのみ,1.0
ニンフィア,おんみつマント,0.7
ルチャブル,パワフルハーブ,48.3
ルチャブル,きあいのタスキ,8.9
ルチャブル,エレキシード,8.0
ルチャブル,オボンのみ,5.8
ルチャブル,サイコシード,5.0
ルチャブル,しろいハーブ,3.7
ルチャブル,いのちのたま,2.5
ルチャブル,ものまねハーブ,2.3
ルチャブル,レッドカード,2.2
ルチャブル,チイラのみ,2.1
デデンネ,オボンのみ,70.7
デデンネ,きあいのタスキ,10.1
デデンネ,こだわりメガネ,6.1
デデンネ,いのちのたま,3.0
デデンネ,ふうせん,2.4
デデンネ,シュカのみ,1.5
デデンネ,ひかりのねんど,1.1
デデンネ,しめったいわ,1.1
デデンネ,ヤタピのみ,1.0
デデンネ,イアのみ,0.7
ヌメラ,きあいのタスキ,100.0
ヌメイル,しんかのきせき,100.0
ヌメルゴン,とつげきチョッキ,75.5
ヌメルゴン,たべのこし,7.3
ヌメルゴン,こだわりメガネ,5.0
ヌメルゴン,たつじんのおび,2.6
ヌメルゴン,オボンのみ,2.0
ヌメルゴン,ゴツゴツメット,1.7
ヌメルゴン,いのちのたま,1.1
ヌメルゴン,ラムのみ,0.7
ヌメルゴン,おんみつマント,0.6
ヌメルゴン,カゴのみ,0.6
クレッフィ,ひかりのねんど,69.5
クレッフィ,たべのこし,6.1
クレッフィ,こだわりメガネ,4.5
クレッフィ,しめったいわ,4.1
クレッフィ,こうこうのしっぽ,2.9
クレッフィ,ゴツゴツメット,1.7
クレッフィ,レッドカード,1.4
クレッフィ,だっしゅつボタン,1.4
クレッフィ,オボンのみ,1.0
クレッフィ,ふうせん,1.0
カチコール,しんかのきせき,85.7
カチコール,とけないこおり,8.6
カチコール,ウイのみ,5.7
クレベース,あつぞこブーツ,40.7
クレベース,ゴツゴツメット,34.6
クレベース,たべのこし,9.1
クレベース,オボンのみ,4.9
クレベース,フィラのみ,2.5
クレベース,おんみつマント,2.1
クレベース,じゃくてんほけん,0.7
クレベース,イアのみ,0.7
クレベース,メンタルハーブ,0.6
クレベース,ぼうじんゴーグル,0.6
オンバット,きあいのタスキ,100.0
オンバーン,こだわりメガネ,30.6
オンバーン,のどスプレー,15.4
オンバーン,いのちのたま,15.2
オンバーン,こだわりスカーフ,12.7
オンバーン,きあいのタスキ,9.6
オンバーン,だっしゅつパック,5.3
オンバーン,レッドカード,3.0
オンバーン,ものしりメガネ,1.0
オンバーン,たつじんのおび,1.0
オンバーン,こうかくレンズ,1.0
ヤングース,きあいのタスキ,100.0
デカグース,きあいのタスキ,36.7
デカグース,ノーマルジュエル,20.0
デカグース,たつじんのおび,8.7
デカグース,シルクのスカーフ,6.0
デカグース,たべのこし,5.3
デカグース,いのちのたま,5.3
デカグース,とつげきチョッキ,4.0
デカグース,レッドカード,3.3
デカグース,どくどくだま,3.3
デカグース,オボンのみ,2.0
ケケンカニ,パンチグローブ,35.2
ケケンカニ,いのちのたま,27.6
ケケンカニ,とつげきチョッキ,14.9
ケケンカニ,オボンのみ,9.9
ケケンカニ,だっしゅつパック,5.5
ケケンカニ,たつじんのおび,2.5
ケケンカニ,ラムのみ,0.9
ケケンカニ,こだわりハチマキ,0.9
ケケンカニ,フィラのみ,0.8
ケケンカニ,せんせいのツメ,0.5
オドリドリ(めらめら),ものまねハーブ,22.1
オドリドリ(めらめら),きあいのタスキ,21.7
オドリドリ(めらめら),あつぞこブーツ,18.7
オドリドリ(めらめら),ラムのみ,10.2
オドリドリ(めらめら),おんみつマント,9.1
オドリドリ(めらめら),オボンのみ,5.6
オドリドリ(めらめら),ゴツゴツメット,2.3
オドリドリ(めらめら),クリアチャーム,2.0
オドリドリ(めらめら),メトロノーム,1.9
オドリドリ(めらめら),たべのこし,1.6
オドリドリ(ぱちぱち),オボンのみ,31.5
オドリドリ(ぱちぱち),ものまねハーブ,19.2
オドリドリ(ぱちぱち),おんみつマント,11.4
オドリドリ(ぱちぱち),たべのこし,11.0
オドリドリ(ぱちぱち),きあいのタスキ,6.9
オドリドリ(ぱちぱち),メンタルハーブ,5.3
オドリドリ(ぱちぱち),ゴツゴツメット,3.6
オドリドリ(ぱちぱち),ラムのみ,2.8
オドリドリ(ぱちぱち),いのちのたま,2.0
オドリドリ(ぱちぱち),じしゃく,1.5
オドリドリ(ふらふら),じゃくてんほけん,58.0
オドリドリ(ふらふら),おんみつマント,18.0
オドリドリ(ふらふら),きあいのタスキ,12.0
オドリドリ(ふらふら),たつじんのおび,6.0
オドリドリ(ふらふら),ものまねハーブ,4.0
オドリドリ(ふらふら),たべのこし,2.0
オドリドリ(まいまい),ものまねハーブ,28.0
オドリドリ(まいまい),きあいのタスキ,18.1
オドリドリ(まいまい),おんみつマント,11.1
オドリドリ(まいまい),ゴツゴツメット,10.9
オドリドリ(まいまい),ものしりメガネ,7.2
オドリドリ(まいまい),オボンのみ,4.5
オドリドリ(まいまい),たべのこし,3.9
オドリドリ(まいまい),じゃくてんほけん,2.7
オドリドリ(まいまい),メンタルハーブ,2.5
オドリドリ(まいまい),あついいわ,1.4
ルガルガン(まひる),きあいのタスキ,60.6
ルガルガン(まひる),いのちのたま,20.7
ルガルガン(まひる),ピントレンズ,6.1
ルガルガン(まひる),いかさまダイス,3.8
ルガルガン(まひる),だっしゅつパック,2.6
ルガルガン(まひる),こだわりハチマキ,2.5
ルガルガン(まひる),するどいツメ,0.7
ルガルガン(まひる),かたいいし,0.6
ルガルガン(まひる),こだわりスカーフ,0.5
ルガルガン(まひる),とつげきチョッキ,0.5
ルガルガン(まよなか),きあいのタスキ,71.3
ルガルガン(まよなか),こだわりスカーフ,6.5
ルガルガン(まよなか),オボンのみ,5.9
ルガルガン(まよなか),ピントレンズ,5.6
ルガルガン(まよなか),ものまねハーブ,3.2
ルガルガン(まよなか),いのちのたま,2.1
ルガルガン(まよなか),いかさまダイス,1.8
ルガルガン(まよなか),でんきだま,1.5
ルガルガン(まよなか),こだわりハチマキ,1.5
ルガルガン(まよなか),かたいいし,0.6
ルガルガン(たそがれ),きあいのタスキ,81.6
ルガルガン(たそがれ),いのちのたま,10.8
ルガルガン(たそがれ),こだわりハチマキ,3.5
ルガルガン(たそがれ),こだわりスカーフ,1.0
ルガルガン(たそがれ),とつげきチョッキ,0.6
ルガルガン(たそがれ),たつじんのおび,0.5
ルガルガン(たそがれ),いかさまダイス,0.4
ルガルガン(たそがれ),ものまねハーブ,0.4
ルガルガン(たそがれ),かたいいし,0.3
ルガルガン(たそがれ),ちからのハチマキ,0.2
ドヒドイデ,くろいヘドロ,44.5
ドヒドイデ,メンタルハーブ,25.1
ドヒドイデ,たべのこし,14.9
ドヒドイデ,ゴツゴツメット,4.9
ドヒドイデ,ふうせん,3.2
ドヒドイデ,おんみつマント,2.2
ドヒドイデ,しめつけバンド,1.6
ドヒドイデ,オボンのみ,0.5
ドヒドイデ,レッドカード,0.5
ドヒドイデ,ぼうじんゴーグル,0.4
ドロバンコ,しんかのきせき,100.0
バンバドロ,オボンのみ,63.6
バンバドロ,たべのこし,10.3
バンバドロ,ゴツゴツメット,8.6
バンバドロ,カゴのみ,7.2
バンバドロ,とつげきチョッキ,4.9
バンバドロ,フィラのみ,1.9
バンバドロ,ラムのみ,1.1
バンバドロ,メンタルハーブ,0.6
バンバドロ,レッドカード,0.4
バンバドロ,ウイのみ,0.3
ラランテス,とつげきチョッキ,31.5
ラランテス,たべのこし,24.6
ラランテス,こだわりメガネ,19.4
ラランテス,せんせいのツメ,6.0
ラランテス,いのちのたま,4.6
ラランテス,オボンのみ,4.4
ラランテス,こうかくレンズ,2.5
ラランテス,きあいのタスキ,1.7
ラランテス,ラムのみ,1.7
ラランテス,きせきのタネ,1.0
ヤトウモリ,きあいのタスキ,66.7
ヤトウモリ,カムラのみ,33.3
エンニュート,きあいのタスキ,45.2
エンニュート,くろいヘドロ,26.4
エンニュート,たべのこし,7.2
エンニュート,だっしゅつパック,4.3
エンニュート,ふうせん,4.1
エンニュート,いのちのたま,2.5
エンニュート,こだわりメガネ,1.9
エンニュート,こだわりスカーフ,1.8
エンニュート,レッドカード,1.1
エンニュート,あつぞこブーツ,1.0
アママイコ,しんかのきせき,100.0
アマージョ,いのちのたま,14.6
アマージョ,ゴツゴツメット,13.9
アマージョ,とつげきチョッキ,13.1
アマージョ,こだわりスカーフ,9.8
アマージョ,こうかくレンズ,7.9
アマージョ,オボンのみ,5.6
アマージョ,じゃくてんほけん,4.4
アマージョ,きあいのタスキ,4.1
アマージョ,いかさまダイス,3.7
アマージョ,こだわりハチマキ,3.6
ヤレユータン,こだわりメガネ,40.7
ヤレユータン,ひかりのねんど,14.8
ヤレユータン,とつげきチョッキ,13.3
ヤレユータン,メンタルハーブ,13.3
ヤレユータン,こうこうのしっぽ,7.4
ヤレユータン,たべのこし,3.7
ヤレユータン,たつじんのおび,3.7
ヤレユータン,いのちのたま,0.7
ヤレユータン,オボンのみ,0.7
ヤレユータン,ゴツゴツメット,0.7
ナゲツケサル,こだわりスカーフ,34.2
ナゲツケサル,とつげきチョッキ,15.8
ナゲツケサル,きあいのタスキ,11.7
ナゲツケサル,たつじんのおび,6.7
ナゲツケサル,ロゼルのみ,6.1
ナゲツケサル,カムラのみ,6.1
ナゲツケサル,オボンのみ,5.3
ナゲツケサル,いのちのたま,3.8
ナゲツケサル,くろおび,2.0
ナゲツケサル,でんきだま,2.0
シロデスナ,たべのこし,16.9
シロデスナ,ゴツゴツメット,15.7
シロデスナ,オボンのみ,11.2
シロデスナ,ひかりのこな,10.3
シロデスナ,こうこうのしっぽ,8.8
シロデスナ,おんみつマント,8.4
シロデスナ,じゃくてんほけん,5.6
シロデスナ,メンタルハーブ,4.9
シロデスナ,ものしりメガネ,3.5
シロデスナ,いのちのたま,3.3
ネッコアラ,からぶりほけん,28.6
ネッコアラ,とつげきチョッキ,24.5
ネッコアラ,かえんだま,13.4
ネッコアラ,たつじんのおび,5.9
ネッコアラ,いのちのたま,5.3
ネッコアラ,オボンのみ,4.3
ネッコアラ,ヨプのみ,3.3
ネッコアラ,カムラのみ,2.0
ネッコアラ,くろいてっきゅう,1.9
ネッコアラ,ものまねハーブ,1.5
ミミッキュ,いのちのたま,72.5
ミミッキュ,こだわりスカーフ,4.9
ミミッキュ,のろいのおふだ,2.2
ミミッキュ,ひかりのこな,2.0
ミミッキュ,ラムのみ,1.6
ミミッキュ,メンタルハーブ,1.4
ミミッキュ,レッドカード,1.4
ミミッキュ,カムラのみ,1.4
ミミッキュ,ゴツゴツメット,1.3
ミミッキュ,フィラのみ,1.1
ハギギシリ,こだわりスカーフ,49.5
ハギギシリ,いのちのたま,27.1
ハギギシリ,きあいのタスキ,17.0
ハギギシリ,ひかりのこな,1.1
ハギギシリ,こだわりハチマキ,0.9
ハギギシリ,たつじんのおび,0.9
ハギギシリ,ふうせん,0.7
ハギギシリ,とつげきチョッキ,0.6
ハギギシリ,カムラのみ,0.6
ハギギシリ,ひかりのねんど,0.6
ヨクバリス,オボンのみ,67.4
ヨクバリス,リュガのみ,24.1
ヨクバリス,フィラのみ,5.7
ヨクバリス,チイラのみ,1.1
ヨクバリス,ズアのみ,0.6
ヨクバリス,ウイのみ,0.5
ヨクバリス,でんきだま,0.3
ヨクバリス,マゴのみ,0.2
ヨクバリス,ヨプのみ,0.1
ヨクバリス,こだわりスカーフ,0.1
アーマーガア,ゴツゴツメット,87.8
アーマーガア,ぼうじんゴーグル,3.8
アーマーガア,おんみつマント,2.6
アーマーガア,たべのこし,2.3
アーマーガア,オボンのみ,1.4
アーマーガア,じゃくてんほけん,0.5
アーマーガア,ひかりのねんど,0.3
アーマーガア,ラムのみ,0.2
アーマーガア,メンタルハーブ,0.2
アーマーガア,こだわりハチマキ,0.1
カムカメ,きあいのタスキ,100.0
カジリガメ,いかさまダイス,31.8
カジリガメ,きあいのタスキ,17.9
カジリガメ,しろいハーブ,16.4
カジリガメ,いのちのたま,13.8
カジリガメ,こだわりハチマキ,10.9
カジリガメ,たつじんのおび,2.5
カジリガメ,オボンのみ,1.6
カジリガメ,カムラのみ,0.9
カジリガメ,ラムのみ,0.8
カジリガメ,クリアチャーム,0.6
トロッゴン,しんかのきせき,100.0
セキタンザン,たべのこし,21.6
セキタンザン,じゃくてんほけん,16.6
セキタンザン,とつげきチョッキ,14.2
セキタンザン,ふうせん,11.4
セキタンザン,ゴツゴツメット,7.3
セキタンザン,いかさまダイス,6.8
セキタンザン,オボンのみ,4.4
セキタンザン,いのちのたま,3.5
セキタンザン,きゅうこん,2.4
セキタンザン,たつじんのおび,1.5
アップリュー,いのちのたま,26.0
アップリュー,こだわりスカーフ,21.3
アップリュー,いかさまダイス,13.4
アップリュー,こうかくレンズ,8.4
アップリュー,きあいのタスキ,7.9
アップリュー,オボンのみ,7.1
アップリュー,こだわりハチマキ,5.8
アップリュー,チイラのみ,3.8
アップリュー,からぶりほけん,1.9
アップリュー,せんせいのツメ,1.4
タルップル,たべのこし,55.6
タルップル,オボンのみ,18.2
タルップル,ゴツゴツメット,8.8
タルップル,おんみつマント,3.1
タルップル,ラムのみ,2.0
タルップル,じゃくてんほけん,1.9
タルップル,ウイのみ,1.6
タルップル,とつげきチョッキ,1.1
タルップル,マゴのみ,1.1
タルップル,おおきなねっこ,1.0
スナヘビ,さらさらいわ,100.0
サダイジャ,さらさらいわ,48.8
サダイジャ,たべのこし,15.1
サダイジャ,オボンのみ,8.5
サダイジャ,きあいのタスキ,8.0
サダイジャ,ひかりのこな,6.6
サダイジャ,ゴツゴツメット,2.8
サダイジャ,メンタルハーブ,2.5
サダイジャ,レッドカード,2.2
サダイジャ,カゴのみ,1.9
サダイジャ,いかさまダイス,1.1
カマスジョー,いのちのたま,35.5
カマスジョー,きあいのタスキ,34.1
カマスジョー,こだわりハチマキ,21.5
カマスジョー,たつじんのおび,5.3
カマスジョー,だっしゅつパック,0.9
カマスジョー,おうじゃのしるし,0.6
カマスジョー,こだわりスカーフ,0.4
カマスジョー,ちからのハチマキ,0.3
カマスジョー,しんぴのしずく,0.3
カマスジョー,ホズのみ,0.3
ストリンダー(ハイ),とつげきチョッキ,54.7
ストリンダー(ハイ),のどスプレー,14.7
ストリンダー(ハイ),ふうせん,8.8
ストリンダー(ハイ),きあいのタスキ,6.4
ストリンダー(ハイ),こだわりメガネ,4.0
ストリンダー(ハイ),いのちのたま,3.5
ストリンダー(ハイ),こだわりスカーフ,3.3
ストリンダー(ハイ),オボンのみ,0.9
ストリンダー(ハイ),たべのこし,0.9
ストリンダー(ハイ),シルクのスカーフ,0.7
ストリンダー(ロー),とつげきチョッキ,59.0
ストリンダー(ロー),きあいのタスキ,11.5
ストリンダー(ロー),のどスプレー,9.0
ストリンダー(ロー),こだわりメガネ,6.0
ストリンダー(ロー),ふうせん,4.1
ストリンダー(ロー),こだわりスカーフ,4.0
ストリンダー(ロー),いのちのたま,1.9
ストリンダー(ロー),たべのこし,1.1
ストリンダー(ロー),くろいヘドロ,1.0
ストリンダー(ロー),オボンのみ,0.7
ヤバチャ,しろいハーブ,60.0
ヤバチャ,しんかのきせき,40.0
ポットデス,しろいハーブ,55.7
ポットデス,きあいのタスキ,37.0
ポットデス,ラムのみ,2.4
ポットデス,メンタルハーブ,1.3
ポットデス,こだわりスカーフ,0.9
ポットデス,こだわりメガネ,0.4
ポットデス,ひかりのねんど,0.4
ポットデス,たべのこし,0.3
ポットデス,オボンのみ,0.3
ポットデス,おんみつマント,0.3
テブリム,しんかのきせき,98.5
テブリム,きあいのタスキ,0.9
テブリム,メンタルハーブ,0.6
ブリムオン,きあいのタスキ,43.5
ブリムオン,いのちのたま,14.1
ブリムオン,とつげきチョッキ,7.7
ブリムオン,オボンのみ,6.9
ブリムオン,たべのこし,4.0
ブリムオン,おんみつマント,3.8
ブリムオン,リリバのみ,2.1
ブリムオン,たつじんのおび,1.7
ブリムオン,じゃくてんほけん,1.7
ブリムオン,ひかりのねんど,1.6
ベロバー,きあいのタスキ,50.0
ベロバー,ひかりのねんど,50.0
ギモー,しんかのきせき,83.3
ギモー,ひかりのねんど,16.7
オーロンゲ,ひかりのねんど,70.4
オーロンゲ,こうこうのしっぽ,7.5
オーロンゲ,こだわりハチマキ,5.3
オーロンゲ,いのちのたま,2.6
オーロンゲ,きあいのタスキ,2.1
オーロンゲ,たべのこし,1.8
オーロンゲ,オボンのみ,1.6
オーロンゲ,ゴツゴツメット,1.0
オーロンゲ,とつげきチョッキ,0.8
オーロンゲ,こだわりスカーフ,0.7
タイレーツ,オボンのみ,34.6
タイレーツ,ラムのみ,30.9
タイレーツ,きあいのタスキ,6.8
タイレーツ,ぼうじんゴーグル,6.8
タイレーツ,いのちのたま,6.3
タイレーツ,ものまねハーブ,2.6
タイレーツ,きれいなぬけがら,1.6
タイレーツ,ゴツゴツメット,1.6
タイレーツ,じゃくてんほけん,1.6
タイレーツ,ひかりのこな,1.6
バチンウニ,グランドコート,68.3
バチンウニ,きあいのタスキ,5.8
バチンウニ,エレキシード,4.8
バチンウニ,だっしゅつボタン,4.5
バチンウニ,メンタルハーブ,3.1
バチンウニ,シュカのみ,2.1
バチンウニ,ゴツゴツメット,1.8
バチンウニ,ふうせん,1.7
バチンウニ,いのちのたま,1.3
バチンウニ,オボンのみ,1.3
モスノウ,たべのこし,51.5
モスノウ,オボンのみ,14.0
モスノウ,あつぞこブーツ,13.1
モスノウ,とつげきチョッキ,4.7
モスノウ,おんみつマント,3.7
モスノウ,ラムのみ,2.4
モスノウ,じゃくてんほけん,1.6
モスノウ,ぼうじんゴーグル,1.1
モスノウ,いのちのたま,1.1
モスノウ,メンタルハーブ,0.9
イシヘンジン,きあいのタスキ,56.1
イシヘンジン,いかさまダイス,13.2
イシヘンジン,たべのこし,5.8
イシヘンジン,オボンのみ,4.8
イシヘンジン,ラムのみ,4.8
イシヘンジン,じゃくてんほけん,4.2
イシヘンジン,こだわりハチマキ,3.2
イシヘンジン,こだわりスカーフ,2.6
イシヘンジン,メンタルハーブ,1.6
イシヘンジン,とつげきチョッキ,1.1
コオリッポ,ゴツゴツメット,28.7
コオリッポ,オボンのみ,26.9
コオリッポ,いのちのたま,10.5
コオリッポ,ひかりのねんど,8.8
コオリッポ,カムラのみ,7.2
コオリッポ,ラムのみ,4.0
コオリッポ,きあいのタスキ,2.8
コオリッポ,たべのこし,2.3
コオリッポ,フィラのみ,1.8
コオリッポ,メンタルハーブ,0.8
イエッサン♂,グランドコート,30.0
イエッサン♂,こだわりスカーフ,26.6
イエッサン♂,きあいのタスキ,15.4
イエッサン♂,ナモのみ,13.2
イエッサン♂,サイコシード,3.4
イエッサン♂,こだわりメガネ,2.8
イエッサン♂,いのちのたま,1.6
イエッサン♂,だっしゅつボタン,1.2
イエッサン♂,ゴツゴツメット,1.0
イエッサン♂,ぼうじんゴーグル,0.6
イエッサン♀,こだわりスカーフ,38.1
イエッサン♀,グランドコート,16.3
イエッサン♀,サイコシード,14.5
イエッサン♀,きあいのタスキ,9.8
イエッサン♀,ひかりのねんど,4.3
イエッサン♀,メンタルハーブ,4.3
イエッサン♀,ナモのみ,3.5
イエッサン♀,こだわりメガネ,3.1
イエッサン♀,オボンのみ,1.2
イエッサン♀,だっしゅつボタン,1.0
ゾウドウ,しんかのきせき,100.0
ダイオウドウ,いのちのたま,55.0
ダイオウドウ,とつげきチョッキ,22.0
ダイオウドウ,こだわりハチマキ,9.5
ダイオウドウ,せんせいのツメ,2.1
ダイオウドウ,オボンのみ,2.0
ダイオウドウ,ふうせん,1.7
ダイオウドウ,たつじんのおび,1.4
ダイオウドウ,たべのこし,1.0
ダイオウドウ,メタルコート,0.8
ダイオウドウ,ひかりのこな,0.7
ドラメシヤ,きあいのタスキ,100.0
ドロンチ,しんかのきせき,90.0
ドロンチ,ひかりのねんど,10.0
ドラパルト,いのちのたま,28.2
ドラパルト,こだわりハチマキ,14.1
ドラパルト,きあいのタスキ,12.5
ドラパルト,ひかりのねんど,12.0
ドラパルト,こだわりスカーフ,10.0
ドラパルト,こだわりメガネ,8.7
ドラパルト,たべのこし,5.2
ドラパルト,だっしゅつパック,1.9
ドラパルト,ラムのみ,1.3
ドラパルト,とつげきチョッキ,1.0
ニャオハ,こだわりスカーフ,100.0
ニャローテ,しんかのきせき,92.6
ニャローテ,たべのこし,6.2
ニャローテ,こだわりスカーフ,1.2
マスカーニャ,きあいのタスキ,37.8
マスカーニャ,こだわりスカーフ,37.1
マスカーニャ,こだわりハチマキ,14.1
マスカーニャ,いのちのたま,4.2
マスカーニャ,チイラのみ,1.0
マスカーニャ,とつげきチョッキ,0.9
マスカーニャ,でんきだま,0.8
マスカーニャ,ちからのハチマキ,0.6
マスカーニャ,たつじんのおび,0.5
マスカーニャ,こだわりメガネ,0.5
ホゲータ,しんかのきせき,100.0
アチゲータ,しんかのきせき,100.0
ラウドボーン,たべのこし,46.8
ラウドボーン,からぶりほけん,10.3
ラウドボーン,オボンのみ,10.1
ラウドボーン,おんみつマント,9.5
ラウドボーン,とつげきチョッキ,5.7
ラウドボーン,ゴツゴツメット,5.3
ラウドボーン,ぼうじんゴーグル,2.8
ラウドボーン,のどスプレー,1.9
ラウドボーン,ふうせん,1.4
ラウドボーン,あつぞこブーツ,1.2
ウェルカモ,しんかのきせき,50.0
ウェルカモ,きあいのタスキ,50.0
ウェーニバル,きあいのタスキ,29.6
ウェーニバル,ラムのみ,14.0
ウェーニバル,いのちのたま,12.1
ウェーニバル,ゴツゴツメット,11.1
ウェーニバル,とつげきチョッキ,7.9
ウェーニバル,しんぴのしずく,4.4
ウェーニバル,オボンのみ,4.1
ウェーニバル,たべのこし,3.5
ウェーニバル,こだわりハチマキ,3.1
ウェーニバル,こだわりスカーフ,1.4
グルトン,きあいのタスキ,57.1
グルトン,オボンのみ,42.9
パフュートン♂,いのちのたま,19.4
パフュートン♂,とつげきチョッキ,14.7
パフュートン♂,リュガのみ,12.3
パフュートン♂,カムラのみ,9.9
パフュートン♂,スターのみ,8.7
パフュートン♂,たべのこし,7.5
パフュートン♂,フィラのみ,6.0
パフュートン♂,だっしゅつボタン,4.8
パフュートン♂,カゴのみ,3.6
パフュートン♂,せんせいのツメ,3.2
パフュートン♀,とつげきチョッキ,44.6
パフュートン♀,きあいのタスキ,13.5
パフュートン♀,あついいわ,7.4
パフュートン♀,たべのこし,6.1
パフュートン♀,リュガのみ,5.4
パフュートン♀,カゴのみ,5.4
パフュートン♀,オボンのみ,3.4
パフュートン♀,カムラのみ,3.4
パフュートン♀,こだわりハチマキ,2.7
パフュートン♀,フィラのみ,2.7
タマンチュラ,きあいのタスキ,82.6
タマンチュラ,しんかのきせき,17.4
ワナイダー,メンタルハーブ,31.8
ワナイダー,きあいのタスキ,23.6
ワナイダー,でんきだま,15.0
ワナイダー,オボンのみ,9.2
ワナイダー,レッドカード,8.1
ワナイダー,ゴツゴツメット,2.9
ワナイダー,こうかくレンズ,1.4
ワナイダー,とつげきチョッキ,1.4
ワナイダー,たべのこし,1.2
ワナイダー,かえんだま,1.1
マメバッタ,きあいのタスキ,100.0
エクスレッグ,いのちのたま,65.6
エクスレッグ,こだわりハチマキ,14.3
エクスレッグ,きあいのタスキ,11.7
エクスレッグ,ぎんのこな,3.0
エクスレッグ,こだわりスカーフ,1.3
エクスレッグ,ちからのハチマキ,0.8
エクスレッグ,くろいメガネ,0.5
エクスレッグ,とつげきチョッキ,0.5
エクスレッグ,あつぞこブーツ,0.4
エクスレッグ,だっしゅつボタン,0.3
パモ,きあいのタスキ,100.0
パモット,しんかのきせき,83.3
パモット,たべのこし,16.7
パーモット,きあいのタスキ,70.2
パーモット,いのちのたま,10.2
パーモット,パンチグローブ,6.0
パーモット,こだわりスカーフ,3.3
パーモット,こだわりハチマキ,2.7
パーモット,ヒメリのみ,1.4
パーモット,ふうせん,0.9
パーモット,たつじんのおび,0.9
パーモット,ちからのハチマキ,0.6
パーモット,くろおび,0.5
イッカネズミ,こうかくレンズ,74.8
イッカネズミ,おうじゃのしるし,4.8
イッカネズミ,オボンのみ,4.0
イッカネズミ,ぼうごパット,3.1
イッカネズミ,こだわりスカーフ,2.9
イッカネズミ,いかさまダイス,2.3
イッカネズミ,フィラのみ,2.1
イッカネズミ,きあいのタスキ,1.2
イッカネズミ,こだわりハチマキ,0.8
イッカネズミ,チイラのみ,0.6
パピモッチ,しんかのきせき,100.0
バウッツェル,ゴツゴツメット,36.1
バウッツェル,たべのこし,30.3
バウッツェル,ものまねハーブ,9.5
バウッツェル,オボンのみ,7.9
バウッツェル,おんみつマント,3.4
バウッツェル,こだわりハチマキ,2.1
バウッツェル,とつげきチョッキ,1.8
バウッツェル,ぼうじんゴーグル,1.7
バウッツェル,クリアチャーム,1.5
バウッツェル,いのちのたま,1.0
オリーニョ,しんかのきせき,100.0
オリーヴァ,オボンのみ,37.9
オリーヴァ,たべのこし,14.2
オリーヴァ,グラスシード,9.4
オリーヴァ,ゴツゴツメット,8.0
オリーヴァ,いのちのたま,5.7
オリーヴァ,とつげきチョッキ,5.3
オリーヴァ,こだわりメガネ,4.6
オリーヴァ,おおきなねっこ,2.3
オリーヴァ,おんみつマント,1.9
オリーヴァ,きあいのタスキ,1.7
イキリンコ,こだわりスカーフ,50.9
イキリンコ,きあいのタスキ,28.1
イキリンコ,かえんだま,9.8
イキリンコ,こうかくレンズ,3.9
イキリンコ,こだわりハチマキ,2.1
イキリンコ,いのちのたま,2.1
イキリンコ,どくどくだま,1.8
イキリンコ,オボンのみ,1.4
イキリンコ,こだわりスカーフ,58.9
イキリンコ,たべのこし,25.0
イキリンコ,かえんだま,5.6
イキリンコ,ヤチェのみ,5.6
イキリンコ,きあいのタスキ,3.2
イキリンコ,ものまねハーブ,1.6
イキリンコ,こだわりスカーフ,65.8
イキリンコ,きあいのタスキ,21.1
イキリンコ,ひかりのこな,6.6
イキリンコ,オボンのみ,3.9
イキリンコ,かえんだま,1.3
イキリンコ,カムラのみ,1.3
イキリンコ,こだわりスカーフ,72.1
イキリンコ,こだわりハチマキ,16.4
イキリンコ,きあいのタスキ,9.8
イキリンコ,オボンのみ,1.6
コジオ,くろいヘドロ,45.5
コジオ,カムラのみ,27.3
コジオ,さらさらいわ,18.2
コジオ,かるいし,9.1
ジオヅム,しんかのきせき,100.0
キョジオーン,たべのこし,77.9
キョジオーン,ゴツゴツメット,6.0
キョジオーン,オボンのみ,5.9
キョジオーン,おんみつマント,2.4
キョジオーン,レッドカード,0.9
キョジオーン,かえんだま,0.9
キョジオーン,ひかりのこな,0.9
キョジオーン,どくどくだま,0.8
キョジオーン,とつげきチョッキ,0.6
キョジオーン,いかさまダイス,0.5
グレンアルマ,きあいのタスキ,64.4
グレンアルマ,とつげきチョッキ,9.1
グレンアルマ,じゃくてんほけん,8.6
グレンアルマ,こだわりメガネ,4.7
グレンアルマ,いのちのたま,2.3
グレンアルマ,こだわりスカーフ,2.0
グレンアルマ,ラムのみ,1.1
グレンアルマ,たつじんのおび,1.0
グレンアルマ,たべのこし,0.9
グレンアルマ,オボンのみ,0.7
ソウブレイズ,きあいのタスキ,52.1
ソウブレイズ,たべのこし,9.9
ソウブレイズ,とつげきチョッキ,8.3
ソウブレイズ,ラムのみ,5.6
ソウブレイズ,いのちのたま,5.0
ソウブレイズ,オボンのみ,4.8
ソウブレイズ,じゃくてんほけん,3.7
ソウブレイズ,ふうせん,1.5
ソウブレイズ,おおきなねっこ,0.8
ソウブレイズ,ぼうじんゴーグル,0.7
ハラバリー,とつげきチョッキ,78.5
ハラバリー,じしゃく,4.3
ハラバリー,オボンのみ,3.8
ハラバリー,たべのこし,3.5
ハラバリー,こだわりメガネ,1.8
ハラバリー,ゴツゴツメット,1.4
ハラバリー,ふうせん,1.0
ハラバリー,メトロノーム,1.0
ハラバリー,おおきなねっこ,0.8
ハラバリー,ひかりのねんど,0.7
カイデン,きあいのタスキ,100.0
タイカイデン,きあいのタスキ,48.9
タイカイデン,こだわりメガネ,23.3
タイカイデン,こだわりスカーフ,12.2
タイカイデン,いのちのたま,5.1
タイカイデン,とつげきチョッキ,2.9
タイカイデン,ゴツゴツメット,1.0
タイカイデン,あつぞこブーツ,0.8
タイカイデン,グランドコート,0.7
タイカイデン,こうかくレンズ,0.5
タイカイデン,じしゃく,0.5
オラチフ,きあいのタスキ,100.0
マフィティフ,きあいのタスキ,30.4
マフィティフ,レッドカード,17.0
マフィティフ,ロゼルのみ,12.7
マフィティフ,ラムのみ,4.9
マフィティフ,オボンのみ,4.9
マフィティフ,ヨプのみ,4.3
マフィティフ,たべのこし,3.4
マフィティフ,おんみつマント,2.6
マフィティフ,こだわりハチマキ,2.4
マフィティフ,くろいメガネ,2.3
シルシュルー,こうこうのしっぽ,90.0
シルシュルー,たべのこし,10.0
タギングル,こうこうのしっぽ,24.9
タギングル,くろいヘドロ,21.7
タギングル,たべのこし,18.2
タギングル,きあいのタスキ,7.7
タギングル,ふうせん,5.1
タギングル,ものまねハーブ,3.6
タギングル,オボンのみ,3.4
タギングル,こだわりハチマキ,1.9
タギングル,こだわりスカーフ,1.8
タギングル,メンタルハーブ,1.2
アノホラグサ,いのちのたま,39.2
アノホラグサ,きあいのタスキ,12.9
アノホラグサ,いかさまダイス,7.6
アノホラグサ,たべのこし,7.3
アノホラグサ,しめつけバンド,6.4
アノホラグサ,おんみつマント,5.5
アノホラグサ,ゴツゴツメット,2.7
アノホラグサ,パワフルハーブ,2.1
アノホラグサ,こだわりスカーフ,1.7
アノホラグサ,オボンのみ,1.7
ノノクラゲ,しんかのきせき,100.0
リククラゲ,たべのこし,32.6
リククラゲ,きあいのタスキ,18.8
リククラゲ,たつじんのおび,9.1
リククラゲ,オボンのみ,7.1
リククラゲ,おおきなねっこ,6.2
リククラゲ,メンタルハーブ,4.1
リククラゲ,いのちのたま,3.2
リククラゲ,おんみつマント,3.1
リククラゲ,とつげきチョッキ,2.8
リククラゲ,レッドカード,2.6
ガケガニ,きあいのタスキ,61.3
ガケガニ,じゃくてんほけん,14.1
ガケガニ,レッドカード,8.4
ガケガニ,いかさまダイス,3.5
ガケガニ,チイラのみ,3.0
ガケガニ,とつげきチョッキ,2.9
ガケガニ,たべのこし,1.7
ガケガニ,ゴツゴツメット,1.4
ガケガニ,せんせいのツメ,1.0
ガケガニ,カムラのみ,0.4
スコヴィラン,たべのこし,44.5
スコヴィラン,いのちのたま,24.0
スコヴィラン,こだわりメガネ,16.8
スコヴィラン,きあいのタスキ,5.4
スコヴィラン,ひかりのこな,2.4
スコヴィラン,しろいハーブ,1.6
スコヴィラン,おおきなねっこ,1.3
スコヴィラン,もくたん,1.0
スコヴィラン,ものしりメガネ,0.4
スコヴィラン,とつげきチョッキ,0.4
シガロコ,しんかのきせき,100.0
ベラカス,きあいのタスキ,48.3
ベラカス,ヒメリのみ,10.0
ベラカス,オボンのみ,8.6
ベラカス,メンタルハーブ,7.8
ベラカス,たべのこし,3.3
ベラカス,こだわりスカーフ,2.5
ベラカス,ひかりのねんど,2.5
ベラカス,じゃくてんほけん,2.0
ベラカス,いのちのたま,1.8
ベラカス,ぼうじんゴーグル,1.7
ヒラヒナ,きあいのタスキ,100.0
クエスパトラ,きあいのタスキ,52.0
クエスパトラ,オボンのみ,16.1
クエスパトラ,たべのこし,14.0
クエスパトラ,ラムのみ,3.6
クエスパトラ,ひかりのねんど,2.9
クエスパトラ,ナモのみ,1.7
クエスパトラ,メンタルハーブ,1.5
クエスパトラ,じゃくてんほけん,1.4
クエスパトラ,ものまねハーブ,1.1
クエスパトラ,おんみつマント,1.0
カヌチャン,ふうせん,100.0
ナカヌチャン,しんかのきせき,100.0
デカヌチャン,ふうせん,56.8
デカヌチャン,きあいのタスキ,6.4
デカヌチャン,ラムのみ,6.0
デカヌチャン,とつげきチョッキ,4.7
デカヌチャン,オボンのみ,4.3
デカヌチャン,いのちのたま,4.2
デカヌチャン,メンタルハーブ,2.7
デカヌチャン,たべのこし,1.6
デカヌチャン,ゴツゴツメット,1.6
デカヌチャン,レッドカード,1.6
ウミディグダ,きあいのタスキ,100.0
ウミトリオ,きあいのタスキ,57.9
ウミトリオ,こだわりハチマキ,17.0
ウミトリオ,こだわりスカーフ,12.5
ウミトリオ,いのちのたま,5.5
ウミトリオ,ひかりのこな,1.5
ウミトリオ,おうじゃのしるし,1.5
ウミトリオ,チイラのみ,1.1
ウミトリオ,しめったいわ,0.7
ウミトリオ,ゴツゴツメット,0.7
ウミトリオ,こだわりメガネ,0.7
オトシドリ,きあいのタスキ,44.1
オトシドリ,こだわりスカーフ,30.0
オトシドリ,いかさまダイス,6.2
オトシドリ,たつじんのおび,3.4
オトシドリ,レッドカード,2.3
オトシドリ,ゴツゴツメット,1.6
オトシドリ,いのちのたま,1.4
オトシドリ,オボンのみ,1.1
オトシドリ,しろいハーブ,1.0
オトシドリ,カムラのみ,1.0
ナミイルカ,きあいのタスキ,85.7
ナミイルカ,いのちのたま,14.3
イルカマン,こだわりハチマキ,57.0
イルカマン,パンチグローブ,12.0
イルカマン,こだわりスカーフ,7.7
イルカマン,しんぴのしずく,3.8
イルカマン,いのちのたま,3.7
イルカマン,たべのこし,3.5
イルカマン,だっしゅつパック,3.4
イルカマン,とつげきチョッキ,2.1
イルカマン,オボンのみ,1.9
イルカマン,ラムのみ,1.3
ブロロン,ものまねハーブ,100.0
ブロロローム,ふうせん,49.1
ブロロローム,じゃくてんほけん,9.0
ブロロローム,ゴツゴツメット,8.5
ブロロローム,くろいヘドロ,6.5
ブロロローム,きあいのタスキ,4.2
ブロロローム,オボンのみ,3.5
ブロロローム,いのちのたま,3.1
ブロロローム,ラムのみ,2.9
ブロロローム,たべのこし,2.6
ブロロローム,ちからのハチマキ,1.8
モトトカゲ,こだわりスカーフ,75.8
モトトカゲ,オボンのみ,9.4
モトトカゲ,こだわりハチマキ,3.8
モトトカゲ,こだわりメガネ,1.9
モトトカゲ,いのちのたま,1.8
モトトカゲ,きあいのタスキ,1.2
モトトカゲ,たつじんのおび,1.1
モトトカゲ,あつぞこブーツ,0.7
モトトカゲ,しめったいわ,0.5
モトトカゲ,ノーマルジュエル,0.4
ミミズズ,オボンのみ,55.4
ミミズズ,ゴツゴツメット,16.7
ミミズズ,たべのこし,10.0
ミミズズ,きあいのタスキ,6.3
ミミズズ,メンタルハーブ,2.5
ミミズズ,こだわりスカーフ,2.3
ミミズズ,フィラのみ,1.3
ミミズズ,カゴのみ,0.9
ミミズズ,おんみつマント,0.6
ミミズズ,ラムのみ,0.6
キラーメ,きあいのタスキ,94.1
キラーメ,こだわりスカーフ,5.9
キラフロル,きあいのタスキ,55.3
キラフロル,ふうせん,13.3
キラフロル,とつげきチョッキ,7.7
キラフロル,こだわりスカーフ,5.6
キラフロル,レッドカード,5.0
キラフロル,こだわりメガネ,3.1
キラフロル,くろいヘドロ,2.0
キラフロル,ゴツゴツメット,1.7
キラフロル,オボンのみ,1.1
キラフロル,いのちのたま,1.0
ボチ,しんかのきせき,77.8
ボチ,こだわりスカーフ,22.2
ハカドッグ,いのちのたま,51.5
ハカドッグ,たべのこし,8.9
ハカドッグ,のろいのおふだ,7.0
ハカドッグ,こだわりハチマキ,7.0
ハカドッグ,とつげきチョッキ,6.3
ハカドッグ,ゴツゴツメット,5.8
ハカドッグ,オボンのみ,2.5
ハカドッグ,こだわりスカーフ,2.4
ハカドッグ,きあいのタスキ,1.5
ハカドッグ,じゃくてんほけん,1.0
カラミンゴ,こだわりスカーフ,73.5
カラミンゴ,きあいのタスキ,11.5
カラミンゴ,こだわりハチマキ,3.6
カラミンゴ,おんみつマント,3.0
カラミンゴ,たつじんのおび,2.4
カラミンゴ,いのちのたま,2.3
カラミンゴ,ラムのみ,1.4
カラミンゴ,くろおび,0.7
カラミンゴ,ちからのハチマキ,0.3
カラミンゴ,とつげきチョッキ,0.2
ハルクジラ,いのちのたま,43.7
ハルクジラ,オボンのみ,24.9
ハルクジラ,とつげきチョッキ,12.0
ハルクジラ,じゃくてんほけん,6.9
ハルクジラ,たべのこし,6.0
ハルクジラ,ラムのみ,2.7
ハルクジラ,こだわりハチマキ,0.8
ハルクジラ,しろいハーブ,0.5
ハルクジラ,こだわりスカーフ,0.4
ハルクジラ,メンタルハーブ,0.4
ミガルーサ,オボンのみ,74.4
ミガルーサ,ヤタピのみ,5.8
ミガルーサ,たべのこし,3.5
ミガルーサ,いのちのたま,3.3
ミガルーサ,ものしりメガネ,2.5
ミガルーサ,こだわりスカーフ,1.8
ミガルーサ,ラムのみ,1.8
ミガルーサ,カムラのみ,1.3
ミガルーサ,しんぴのしずく,0.8
ミガルーサ,フィラのみ,0.8
ヘイラッシャ,たべのこし,48.7
ヘイラッシャ,ゴツゴツメット,23.1
ヘイラッシャ,オボンのみ,10.6
ヘイラッシャ,とつげきチョッキ,7.8
ヘイラッシャ,カゴのみ,3.3
ヘイラッシャ,こだわりハチマキ,2.7
ヘイラッシャ,おんみつマント,2.0
ヘイラッシャ,ラムのみ,0.6
ヘイラッシャ,フォーカスレンズ,0.1
ヘイラッシャ,フィラのみ,0.1
シャリタツ,きあいのタスキ,42.8
シャリタツ,とつげきチョッキ,27.4
シャリタツ,こだわりスカーフ,13.2
シャリタツ,いのちのたま,4.2
シャリタツ,ものしりメガネ,2.3
シャリタツ,しろいハーブ,1.2
シャリタツ,オボンのみ,1.2
シャリタツ,だっしゅつパック,1.1
シャリタツ,ぼうじんゴーグル,0.9
シャリタツ,からぶりほけん,0.9
コノヨザル,たべのこし,31.0
コノヨザル,オボンのみ,21.7
コノヨザル,こだわりスカーフ,13.2
コノヨザル,でんきだま,11.4
コノヨザル,パンチグローブ,6.4
コノヨザル,とつげきチョッキ,5.7
コノヨザル,きあいのタスキ,2.3
コノヨザル,おんみつマント,1.4
コノヨザル,ゴツゴツメット,1.2
コノヨザル,ラムのみ,1.0
ドオー,くろいヘドロ,74.3
ドオー,たべのこし,10.8
ドオー,おんみつマント,5.8
ドオー,オボンのみ,2.7
ドオー,メンタルハーブ,1.7
ドオー,ゴツゴツメット,1.1
ドオー,こだわりハチマキ,1.0
ドオー,ふうせん,0.6
ドオー,とつげきチョッキ,0.3
ドオー,たつじんのおび,0.2
リキキリン,オボンのみ,15.8
リキキリン,いのちのたま,14.7
リキキリン,とつげきチョッキ,10.3
リキキリン,こだわりメガネ,10.1
リキキリン,たつじんのおび,5.8
リキキリン,カゴのみ,5.4
リキキリン,きあいのタスキ,3.7
リキキリン,カムラのみ,3.6
リキキリン,ラムのみ,3.4
リキキリン,たべのこし,2.4
ノココッチ,オボンのみ,53.8
ノココッチ,メンタルハーブ,13.5
ノココッチ,たべのこし,7.3
ノココッチ,とつげきチョッキ,5.7
ノココッチ,ゴツゴツメット,4.6
ノココッチ,おうじゃのしるし,1.5
ノココッチ,たつじんのおび,1.4
ノココッチ,ひかりのこな,1.3
ノココッチ,ヨプのみ,1.2
ノココッチ,のどスプレー,1.0
ドドゲザン,とつげきチョッキ,49.7
ドドゲザン,くろいメガネ,22.4
ドドゲザン,オボンのみ,7.6
ドドゲザン,ヨプのみ,6.3
ドドゲザン,いのちのたま,3.3
ドドゲザン,たべのこし,1.9
ドドゲザン,ラムのみ,1.7
ドドゲザン,きあいのタスキ,1.4
ドドゲザン,ゴツゴツメット,1.0
ドドゲザン,じゃくてんほけん,0.8
イダイナキバ,ブーストエナジー,36.1
イダイナキバ,とつげきチョッキ,30.8
イダイナキバ,こだわりスカーフ,8.0
イダイナキバ,きあいのタスキ,5.4
イダイナキバ,こだわりハチマキ,3.7
イダイナキバ,オボンのみ,3.5
イダイナキバ,ゴツゴツメット,2.8
イダイナキバ,ラムのみ,2.3
イダイナキバ,たべのこし,1.6
イダイナキバ,いのちのたま,1.5
サケブシッポ,メンタルハーブ,28.7
サケブシッポ,オボンのみ,14.9
サケブシッポ,ひかりのねんど,13.6
サケブシッポ,たべのこし,8.5
サケブシッポ,からぶりほけん,5.8
サケブシッポ,でんきだま,5.6
サケブシッポ,ブーストエナジー,5.3
サケブシッポ,ゴツゴツメット,3.2
サケブシッポ,こだわりスカーフ,2.8
サケブシッポ,レッドカード,1.8
アラブルタケ,たべのこし,39.2
アラブルタケ,ブーストエナジー,14.8
アラブルタケ,じゃくてんほけん,12.7
アラブルタケ,オボンのみ,9.4
アラブルタケ,いかさまダイス,5.8
アラブルタケ,とつげきチョッキ,3.8
アラブルタケ,いのちのたま,2.3
アラブルタケ,くろいメガネ,2.3
アラブルタケ,たつじんのおび,1.9
アラブルタケ,きあいのタスキ,1.6
ハバタクカミ,きあいのタスキ,32.3
ハバタクカミ,こだわりメガネ,29.2
ハバタクカミ,ブーストエナジー,22.3
ハバタクカミ,こだわりスカーフ,5.2
ハバタクカミ,いのちのたま,4.5
ハバタクカミ,とつげきチョッキ,3.4
ハバタクカミ,たべのこし,0.5
ハバタクカミ,たつじんのおび,0.5
ハバタクカミ,オボンのみ,0.4
ハバタクカミ,ふうせん,0.3
チヲハウハネ,とつげきチョッキ,28.7
チヲハウハネ,ブーストエナジー,24.3
チヲハウハネ,いのちのたま,11.8
チヲハウハネ,こだわりスカーフ,9.7
チヲハウハネ,こだわりハチマキ,6.3
チヲハウハネ,たべのこし,3.7
チヲハウハネ,オボンのみ,3.6
チヲハウハネ,ゴツゴツメット,2.6
チヲハウハネ,ラムのみ,1.7
チヲハウハネ,だっしゅつパック,1.1
スナノケガワ,こだわりスカーフ,23.2
スナノケガワ,きあいのタスキ,19.8
スナノケガワ,ブーストエナジー,18.5
スナノケガワ,からぶりほけん,7.4
スナノケガワ,こだわりメガネ,5.5
スナノケガワ,とつげきチョッキ,4.5
スナノケガワ,オボンのみ,4.3
スナノケガワ,ふうせん,3.5
スナノケガワ,いのちのたま,2.9
スナノケガワ,たつじんのおび,2.4
テツノワダチ,ブーストエナジー,21.8
テツノワダチ,とつげきチョッキ,15.9
テツノワダチ,グランドコート,11.6
テツノワダチ,きあいのタスキ,9.9
テツノワダチ,オボンのみ,9.9
テツノワダチ,いのちのたま,4.8
テツノワダチ,ふうせん,4.7
テツノワダチ,ゴツゴツメット,3.7
テツノワダチ,こだわりスカーフ,3.5
テツノワダチ,じゃくてんほけん,3.0
テツノツツミ,きあいのタスキ,35.8
テツノツツミ,ブーストエナジー,23.9
テツノツツミ,こだわりメガネ,16.3
テツノツツミ,いのちのたま,8.6
テツノツツミ,たべのこし,4.3
テツノツツミ,こだわりスカーフ,2.7
テツノツツミ,たつじんのおび,1.8
テツノツツミ,ものまねハーブ,1.6
テツノツツミ,とつげきチョッキ,0.6
テツノツツミ,オボンのみ,0.6
テツノカイナ,とつげきチョッキ,75.9
テツノカイナ,パンチグローブ,7.9
テツノカイナ,ブーストエナジー,5.2
テツノカイナ,オボンのみ,4.3
テツノカイナ,たべのこし,1.3
テツノカイナ,いのちのたま,0.8
テツノカイナ,ゴツゴツメット,0.7
テツノカイナ,こだわりハチマキ,0.6
テツノカイナ,ラムのみ,0.5
テツノカイナ,じゃくてんほけん,0.5
テツノコウベ,ブーストエナジー,50.3
テツノコウベ,こだわりメガネ,13.1
テツノコウベ,こだわりスカーフ,10.2
テツノコウベ,いのちのたま,6.2
テツノコウベ,たべのこし,4.6
テツノコウベ,きあいのタスキ,3.2
テツノコウベ,とつげきチョッキ,2.2
テツノコウベ,グランドコート,1.4
テツノコウベ,ラムのみ,1.1
テツノコウベ,ぼうじんゴーグル,0.9
テツノドクガ,ブーストエナジー,45.2
テツノドクガ,こだわりメガネ,23.8
テツノドクガ,とつげきチョッキ,10.2
テツノドクガ,こだわりスカーフ,9.5
テツノドクガ,いのちのたま,3.8
テツノドクガ,きあいのタスキ,2.2
テツノドクガ,ふうせん,1.5
テツノドクガ,くろいヘドロ,0.6
テツノドクガ,たつじんのおび,0.5
テツノドクガ,だっしゅつパック,0.4
テツノイバラ,いかさまダイス,48.8
テツノイバラ,ブーストエナジー,21.0
テツノイバラ,ふうせん,8.8
テツノイバラ,とつげきチョッキ,4.2
テツノイバラ,エレキシード,3.4
テツノイバラ,オボンのみ,1.9
テツノイバラ,たべのこし,1.5
テツノイバラ,いのちのたま,1.0
テツノイバラ,きあいのタスキ,0.9
テツノイバラ,こだわりスカーフ,0.8
セゴール,しんかのきせき,97.7
セゴール,いかさまダイス,2.3
セグレイブ,いかさまダイス,45.3
セグレイブ,とつげきチョッキ,35.8
セグレイブ,きあいのタスキ,8.4
セグレイブ,こだわりハチマキ,3.1
セグレイブ,いのちのたま,2.6
セグレイブ,こだわりスカーフ,1.1
セグレイブ,ラムのみ,0.9
セグレイブ,とけないこおり,0.7
セグレイブ,じゃくてんほけん,0.6
セグレイブ,オボンのみ,0.3
コレクレー,しんかのきせき,100.0
サーフゴー,こだわりスカーフ,41.7
サーフゴー,おんみつマント,13.9
サーフゴー,ゴツゴツメット,11.1
サーフゴー,じゃくてんほけん,8.8
サーフゴー,ふうせん,7.3
サーフゴー,こだわりメガネ,6.7
サーフゴー,たべのこし,3.9
サーフゴー,とつげきチョッキ,1.8
サーフゴー,いのちのたま,1.3
サーフゴー,きあいのタスキ,0.8
トドロクツキ,ブーストエナジー,76.0
トドロクツキ,いかさまダイス,4.9
トドロクツキ,いのちのたま,3.6
トドロクツキ,たべのこし,3.1
トドロクツキ,ラムのみ,3.0
トドロクツキ,こだわりハチマキ,2.8
トドロクツキ,こだわりスカーフ,2.3
トドロクツキ,とつげきチョッキ,0.8
トドロクツキ,ゴツゴツメット,0.7
トドロクツキ,オボンのみ,0.7
テツノブジン,きあいのタスキ,48.9
テツノブジン,ブーストエナジー,34.7
テツノブジン,いのちのたま,6.2
テツノブジン,こだわりスカーフ,3.1
テツノブジン,ひかりのねんど,2.8
テツノブジン,こだわりメガネ,0.6
テツノブジン,こだわりハチマキ,0.5
テツノブジン,とつげきチョッキ,0.5
テツノブジン,エレキシード,0.4
テツノブジン,たつじんのおび,0.3
